1.5221220503300454,-0.64847012409700611,0.20670616450383505,-0.34586154503710276,-0.44181232029985118
-0.31727765775937655,0.44487808622190794,0.74222898905641443,0.48222124019866186,0.94898412400105947
-1.4619948990773279,0.50304199697395013,-0.44755365327217267,-1.1460947905228829,1.8552793265893883
0.30601814884141998,-0.52690991127375497,-1.281721824966839,-0.41004900157570212,-0.22556590527505271
0.09911641706457619,-0.30483101000952062,1.8874803290837912,-1.464289702438625,0.23925309818256024
-0.72530477129640913,-1.6133396992526561,-1.0728718144823404,0.87669053276023734,0.19721415907452133
0.0,0.0,0.0,0.0,0.0
0.46407916115241932,0.89098318604492022,1.2432900634607353,-0.6485266489538466,0.44556398476556325
-1.1087016587024223,0.45448265104874075,-1.1186781504137571,-0.36830222508244503,-0.56423830364364669
-0.08046596557535679,0.99034739228273594,0.18988548768266966,0.45981087398084419,0.87742006388052118
1.0146541950496619,-0.19325859511628263,-0.33655111699253837,-1.0971416352231245,0.34291349134617022
0.45471383473649252,-0.24195940471911737,-0.15302472573256187,0.075806652758965143,-0.10243402425792114
-0.99468504894423759,-0.689273935148913,-1.8519859167009805,0.30186939117151956,0.81257179052452133
0.2750358694263122,-0.48587618087054096,0.2466268151395048,-0.090971588039476803,0.89825992423004486
-0.23545447206643111,-0.32370672885958029,0.33592041405840156,-1.371085989490842,0.98590727581165538
0.09756574172007304,0.078826778332905079,-0.010334369924045461,0.49113708368148123,0.041945434562914663
0.58605884914630568,0.057144316569892162,0.30280588268301867,-0.32405136994987949,0.58068757509734414
-0.19878795867105481,0.5987136667277877,-0.30234564225535721,0.18071842448642683,0.091102893541934904
0.055263224152712787,-1.8140167405739824,-0.82946116118417446,-0.096832813642808047,1.5992780277373395
0.0,0.0,0.0,0.0,0.0
-0.81549859086807563,-0.61774624836386005,-0.68444603895077893,0.66339350929985663,-0.2925019644622342
0.0,0.0,0.0,0.0,0.0
-0.99483815574684609,1.4428400023534853,1.8126044562601471,0.57627143639225786,-0.35684977808628937
0.70946408288595642,1.4270245471285197,-0.6533752315591066,0.5900030133229448,-2.2323880944591177
1.474780425050064,-0.39132425911726898,1.4501273930709448,-0.49374845389910749,-0.0043871431002520112
-0.35078555884490803,-0.18251907147349478,0.13867608240506857,-0.018982257851897,0.45160462226622888
-1.3764628096284959,-0.59734900670853719,0.6125095552567057,-1.1305207792810359,-0.27203506273254519
-0.12079011971565112,0.11304807762112556,0.11020563401078931,-1.815903858904492,0.46017166707257573
0.28773543053264738,-0.27341515410581874,-0.22908719206240047,-0.39420523692126697,-0.016079812673732929
-0.49113359947547508,-1.0925627694720674,-0.57165304908108183,-0.3576190424541501,0.19744121336016285
0.0,0.0,0.0,0.0,0.0
-1.1952873505209463,-0.20530375252849487,-1.1159588853286326,-0.3682904481162389,-0.10322527442798091
0.9869993860031947,-0.73813296313394261,0.39867998572081653,-0.16997156785048428,0.0028447258068353617
0.88099147347098139,-1.2205550112258834,-1.4396474951961054,0.27865853342060376,-2.0843547774238056
0.44815081944140633,1.0666197697742348,0.14323889906553111,0.046684975053460143,1.822682312653491
-0.29922406343198826,0.052191266063995378,-0.29165511708651337,0.5019697188591099,-0.1151832338652774
-1.5425476819758939,-0.18577134325300726,-0.20419637120388168,-0.57747567872631533,0.69718003100027603
0.0,0.0,0.0,0.0,0.0
-0.25559383769771937,1.9079671250258805,0.21058170741255999,-0.69381490338400376,1.0593772837271374
0.56590844342961599,-0.29780553100585472,-0.41238101427301554,0.37697006832967084,0.36922106805032939
1.2209610137492088,-2.0743598575193758,1.12802390405297,-0.42325906001276259,-0.48754839406982087
-0.26962235316165639,0.00024042096293614128,0.37377489901487237,0.85029006924889217,-0.68228109694303285
-0.12889739854982096,-0.7779482586855373,-1.0169284095235547,0.11513528525586647,-0.48054834898197996
0.0,0.0,0.0,0.0,0.0
-0.08565785752015298,-0.71530878648972496,-1.245092294327875,2.5718054428541794,0.74062325636117254
-0.40229264947827126,-1.2856254769321112,0.8461204477784392,0.02123906869039055,0.19050257596524123
-0.6482212792158677,-1.0004711634131667,0.073155075830637628,0.20089514785396823,1.1059241756139848
0.30647755851987446,-0.31989217631790456,-0.89058058506776483,-0.85468744107071437,-1.8044051956331071
1.052027262495423,1.2030627786718018,1.080240584591877,0.61899820423114438,0.51230514313257203
-0.39858157676649952,-0.58283566166852907,0.088842854370721369,-0.52091672860255755,0.29280792862048699
-0.0074831951469107594,-0.57049704941407953,0.96824884071072681,-0.046191647540956282,0.40081771695620061
-0.04595000527743176,0.2326441267399737,0.1422373824044918,-0.0050817977044293611,0.12386655723642059
0.53487893199543102,0.38866170238136277,0.32545941053749949,0.43480265138915719,0.10639091892311114
-0.025394354488805282,0.67545300711226375,0.54539623153167405,-0.2550797706919874,0.060489244970956424
0.20251219355200023,0.4669927008464887,0.20688688003055589,-0.31864475570661099,-0.68124146856647627
-0.17533930643158158,-1.2037427751817429,0.37544664860269705,-0.3536918444303212,0.093748856782979839
-0.087669653215790788,-0.60187138759087144,0.18772332430134853,-0.1768459222151606,0.04687442839148992
-1.1616368975509999,-0.11725838946519129,0.53019025353269256,-0.24609282514435726,0.18223187585001938
1.0731458084603338,-0.99440989702176097,0.66404279053251969,-0.4663722087279325,-0.065910109181984922
0.0,0.0,0.0,0.0,0.0
0.2203248213429323,-1.2226231083230044,-0.39531903996466866,0.48440596304763339,0.25549355999756784
1.0321466380516284,0.054354003921458283,-0.021074279770768811,-0.76513460005200784,0.73045257357506976
-0.057241415874462076,0.33046563243950366,0.3095116303148373,0.15607032396309428,0.37930176792502301
-0.035196476929401754,0.16314597992759872,-1.0527483539877913,0.47746066117074015,1.1521155742994427
0.0,0.0,0.0,0.0,0.0
-0.15368311459327266,-0.11366392098758116,0.060341886848548576,0.60573305243105846,-0.39031155640201298
-0.57990331478297641,-0.68946523247834346,-0.11869663931743202,-0.96061360061828838,-1.6312550008224131
-0.21130110337513486,0.30610117793839287,-0.23734317748911948,-0.60633275853522406,0.47883072681714012
-0.10460009361998113,-0.33299322934277598,-0.055768168511326266,0.12533264897475149,0.12788069951289049
-0.95029834514326117,1.2123117763220854,0.63622472485088721,1.8971148906402659,0.38615808635892179
-0.26105439623573989,-0.11312199412189949,-0.37064709257759709,-0.44493289840136008,0.053186761483978717
-0.32905960682303004,0.69433588398113422,-0.18628602723331067,-0.018572815723891301,0.43664803681619802
-0.12446870178070135,0.41759728633517312,0.30827105503239949,0.23107164702234417,0.17588574451453098
-0.63224613968431642,0.75369786933630323,-0.098349338611692261,0.85955323321648436,1.5070451514748022
0.28667104041506319,-0.34047659048930745,-1.3980111714846024,-0.42942795132598199,0.83138717308138288
0.086751415323207959,-1.0893894575812739,-0.45130268848135202,-0.17992913737693739,0.13439414121806159
0.00011574788949979243,0.62814342182829108,-1.1361246492052857,-0.17552879014717959,-0.082681644867035553
-0.27519846245832547,-0.3403149133212402,0.034158103827193642,-0.27428543091504398,0.26580425600769431
0.58605884914630568,0.057144316569892162,0.30280588268301867,-0.32405136994987949,0.58068757509734414
-0.12949957477322949,0.31110841881648454,-0.1927957133503968,0.20485880317085758,0.74525365856091419
-0.8493052352310515,-2.0569324419167634,-1.0806567535965299,0.039193874067250167,-0.045042050856386073
-1.5209056971399919,0.20914616706163569,-0.54151735204074747,-0.61398327366180894,0.40673203451632389
-0.6709152918290755,-0.53493831834468253,0.035135319285883648,-0.23542798631325113,0.24880713922112019
-0.87111935998493095,-0.40818210937286992,0.042391574902505447,1.2108785143356116,-0.45886912622121034
0.00014468486187474059,0.78517927728536918,-1.4201558115066106,-0.21941098768397538,-0.10335205608379527
0.40117100918062487,0.0066818835376823982,0.061471608410435197,-0.31597225585933586,0.2849541457918825
-0.08722660647049274,1.2288845463531857,-0.078136185386454393,0.015388898311702093,-1.4009075068736756
0.0,0.0,0.0,0.0,0.0
0.92860495085288441,-0.71925481243888889,0.35894841347817152,1.7328352112573047,-0.55467205273544273
0.40584781625245592,1.4070219895364655,-0.11918415806071458,1.204778179535497,0.40265117455569355
0.13565813758954648,0.45982460609182141,-0.34814816852568287,-0.05938345703498138,0.96408858204238612
0.0,0.0,0.0,0.0,0.0
0.0,0.0,0.0,0.0,0.0
-1.2980242492712257,-1.1837276685245026,-1.0006455998907269,-0.15313642842958242,0.093240485614973778
-0.33590163210014268,0.0055414868397206385,-0.63828598997459451,-1.2364350947053602,-0.66852342196745695
-0.41279769368748909,-0.5104723699818603,0.051237155740790685,-0.41142814637256464,0.39870638401154501
-0.62111083859400029,-0.16053410219812037,0.52857067723171069,-0.016057151464077601,0.28535834161453411
-1.0642437419682054,0.25512919445971249,1.1453509132865101,-0.47950756104031012,-0.13603508567878997
-1.7102626669089513,-0.63450158116966016,-0.88474697582828643,0.96188976365028456,0.2351880229305312
0.16420499325273585,-0.16474268854619156,0.063970881816147129,-0.3697589567465509,0.2443590318557598
0.21106134091157358,0.30910041515337028,-0.43575982447636274,-0.19971966987782075,0.24843853862620557
-0.20136399032045479,0.030769468057476601,0.5676755379876075,-0.059194776614097666,-0.20639581482620561
1.3249976837173705,0.26423553690570678,0.74895526570616422,-0.80823804332175087,1.2852783825822667
0.083174885523197517,-1.1021400847135538,0.17824937907892036,0.89026004466837705,-1.0610617714851749
-0.10394267726617601,0.28882383952011725,-0.10184471188803546,-0.05977873791895727,0.042601560491564605
0.0,0.0,0.0,0.0,0.0
-0.33702794145207093,0.00030052620367017856,0.46721862376858603,1.0628625865611134,-0.85285137117879373
-0.32963662252631565,0.35037905033984273,-0.59816485087084681,-0.59005158282479009,0.70075579302386082
0.60570184383054304,-0.52059665633285945,-0.56428572093981444,-0.23420136632284105,-0.28782771801958962
-0.23111987158296721,-0.23475859499922969,-0.034411399080311655,0.11650935223931835,-0.076545315943239434
1.8734874628814051,-0.99669670095851615,-0.077345045712064575,-1.0323265288279515,-0.74342173140744627
-0.030408337320817269,-0.14979166516943687,0.1700432891899073,-0.22227160710209404,-0.0044039959757629088
-1.3612726524703049,-0.50764246031146243,-0.1983842796659534,-1.9665764051017365,0.60429158855313148
0.40530865732728238,0.78307348328143056,-0.64776472070864033,-1.8943760124904609,1.0034235412394388
-0.215980416743697,1.0931073195530212,-0.42967129836308393,-0.96195244162221627,1.3116346488374333
2.4602618913887722,-0.44710805860342973,0.89875810207858109,0.60658813436952919,1.0295295779521005
0.37719611751739368,-0.32735712327468924,0.41588968838850171,0.25213322248406378,-0.4885789243454095
0.16070768720019246,0.16684793648203211,-0.9242263469926062,0.1040432104763358,0.16882299778670756
-0.37373958057309054,0.0012790497028421222,-0.077201262048518515,0.34659572166667729,0.10018845855602276
-0.23064404529515237,-0.085881578939368985,-1.4398969479438157,0.36789895210981705,-0.20692736689610136
0.49273676784493858,-0.36291321519716568,0.037785700864843785,0.23630142290856071,-0.058429599406251143
0.0,0.0,0.0,0.0,0.0
-1.0636319651615249,-0.39870548759229862,-0.29651744014626846,0.078848017007086213,-0.78713997495427668
-0.82438943061239378,0.44274544072126254,-0.23020066305270559,-0.68455646241948664,0.40555062361753436
-0.17539277942245401,-0.091259535736747388,0.069338041202534284,-0.0094911289259484999,0.22580231113311444
1.0635302714537076,-0.72901268005233533,-0.067894441198822042,-0.52041713651011889,0.3615752793264928
0.45432717813060464,-0.80360510413057185,0.94695124112016593,-0.28272522067617345,-1.4549962345969512
0.36183420593516402,-1.0316963764988438,-0.46764135480501423,1.6561796186881885,-0.87537340796565744
0.80234201836124974,0.013363767075364796,0.12294321682087039,-0.63194451171867172,0.56990829158376499
0.4799306326905679,-0.97956085451525432,1.8332663712357282,-0.37727521089432448,-0.27351248948872753
-0.24615706800154058,0.13799163377770718,-1.0621858894758418,-0.12469721420101876,0.36425326805796021
0.44016402633661045,0.072049477037240406,0.34960357683257826,0.38173516427077381,0.093227682321899152
-0.29323598622448044,-0.17513964437620455,-0.44877358049377758,-0.17372113275494794,-0.075296293706648254
-0.099528457892474442,-0.40846656689641048,-0.36204753812844359,1.9677426796256658,-0.10758086155165425
0.12969447668341783,0.38522217270815678,0.4651427750433148,-0.99973443619021518,1.2811981845684364
0.40106932918862093,0.55225999623871047,0.32713305048114449,0.41163891730803748,0.20570937131891132
0.0,0.0,0.0,0.0,0.0
-0.77314881926007706,-1.4547476569344342,0.41506869330025964,-0.13797206407262763,0.76066574398861198
0.0,0.0,0.0,0.0,0.0
-0.21272639303230534,-0.07974109751845937,-0.059303488029254503,0.015769603401417309,-0.15742799499085569
0.0,0.0,0.0,0.0,0.0
0.70408084889042843,-0.19150717972616915,0.064719203807651837,0.16421784078325175,1.1679764108250386
-0.27673325862645282,0.2377587505019827,-0.32788047265490583,-0.58963956141268881,0.41789625755714255
-0.46223974316593441,-0.46951718999845937,-0.068822798160623311,0.23301870447863671,-0.15309063188647887
0.1719659910168021,1.0261636296623182,-0.36512185884302251,-0.39067286363469433,0.68768337545359071
-0.28943791674502517,0.035161115294695788,-0.22052190219655987,0.17754859809614487,0.80259529691875819
-0.1638049403408619,-0.81440136220757786,-0.64787228262274432,-0.073715944213700757,0.11757023842428005
0.59109887228860103,1.019961937898298,-0.67984779850176835,0.94683952171276964,0.20663070930851113
-0.13759923122916273,-0.1701574566606201,0.017079051913596821,-0.13714271545752199,0.13290212800384715
-0.8598292078811236,-1.4574631457214768,-0.042240894953014863,-0.89188523484474791,-1.0038534677523652
-1.3908700633257096,0.51695753954269996,-1.0272098261752447,-0.7092679172395826,0.34582130461511484
0.22053526711435056,-0.64040275982655182,0.52591095925977105,-0.35479049767312532,1.2385306541854368
-1.3118694912103965,-0.051515818304316952,-0.64684781766284338,0.24996939102434013,-0.48148503605415272
-0.045302278662074258,0.35812841234526882,-0.49548858959037823,-1.4191666442333837,0.73247625936977201
-0.10551979367096287,-1.1023293453853107,0.053046555778098359,0.81564366629993046,0.45384010747759973
-1.6403014234649484,0.77422170165261939,0.40467305190920033,0.074409124763802126,-0.33624769466546756
0.0,0.0,0.0,0.0,0.0
0.3306731676795982,1.6874872046517879,-0.86074750441928671,-0.88910537421420743,0.8118553750284967
0.76692651618796837,0.15477937432285938,-1.5680775440571808,0.66500527562491663,0.39473386074854905
-0.63815019844911625,0.37014399663994446,1.0360489018515757,0.88534521489322238,0.86148820985273211
0.63337413591932834,-0.29680840741072112,0.30591953975379949,1.2938006342417645,-1.1956868360708064
0.0,0.0,0.0,0.0,0.0
-0.51736277841226297,-0.31275255699805271,1.1848601081373555,-0.9350368203413062,1.3385913008404948
-0.031914925308007547,0.11289492027150771,-0.54106284661421755,1.550342679131326,-2.2106923076802794
0.74141925733298386,0.49727056555645177,0.76859584542615167,1.5243824176096403,0.85723865599562288
-0.59264490571536754,0.34158826731713177,-0.66595501520015432,-0.67009953531110256,0.14977137531509843
0.2262479899189529,0.46558015800114294,-1.1380233537100648,0.061656197971027282,-0.24099597879721579
0.0,0.0,0.0,0.0,0.0
0.0,0.0,0.0,0.0,0.0
0.19123242617673242,0.070901778511628821,-0.081715117672136461,-1.0798092117836999,-0.32540770619348081
-1.0916315918884667,0.23779401188032523,1.127315769893614,-0.42604988946901656,-0.43260698127747688
0.62695469657616698,-0.20641489865057761,0.53855052297636208,1.1943556234706298,0.37341131729016852
-0.38436140836264165,-0.99311089902422367,0.83416365476758614,0.02432039496049293,-0.47125692792976537
-0.12901159887275515,-1.0569782618427048,-0.86834235668398274,-0.80733052439822117,-0.51354406131649011
-0.36678437655222318,0.24911505533405887,-0.40387731816735961,-0.87761543522848617,0.49722617517520895
-0.915080008507001,0.52479009993670367,-0.57468051748914206,1.346701544662535,0.14364187858104938
0.0,0.0,0.0,0.0,0.0
0.0,0.0,0.0,0.0,0.0
-1.2703016286216955,1.356944031702374,1.0652594034109721,1.2509673171275915,0.13816871340130926
0.16637569787654094,0.16459648120604031,-0.18471517740249155,0.97210901595189014,0.65145873200295057
0.0,0.0,0.0,0.0,0.0
0.47722001860894414,-0.97003238978824768,-0.88855740384114368,1.1835562930908523,-2.4022960790601395
-1.5134240782290593,-0.68567023772482294,0.16499638486616064,-0.70061969983346328,1.8841255852436785
-0.039229441546356769,-0.11484412647831288,0.16623760054563963,0.63806478269306743,0.10464047222818729
0.0,0.0,0.0,0.0,0.0
-0.70019052639245061,-0.31704692261514111,0.40449918631936255,0.75792019356467843,0.62879111826547129
0.081348764508898164,1.4426775935356044,-0.38311025593682579,-0.25611073090775971,-0.50129706337052582
-0.80418945313349921,-1.1577267573539434,0.9204614800226032,-0.20443649027949462,-1.7379989130270523
-0.45566110841409235,-0.025504682474533524,-1.0885172493349764,0.24806850062418917,0.7808389461480616
0.52696120790966416,-0.049159916040107721,-0.13883006017550159,0.12881723655487054,-0.20103729770605805
-0.72708927491438313,-0.3158207067370663,0.37805019333979306,0.2075777028665664,1.5640091290137068
-0.073076493613680071,-1.1418733924049844,1.5085941332382724,1.2298721604979619,1.1707097126133075
0.0,0.0,0.0,0.0,0.0
0.30586434245430771,-1.2809992955124887,1.2444096451626088,1.0338736444022345,-0.26772938263078672
-0.2628828479800891,0.60231020386086254,-0.18489923093287253,-0.77324518232153849,0.079206837014575093
0.047142180245883569,0.52985584172871913,0.36397432355306059,-0.62037580836363482,-0.47583737424501216
0.1273288159351732,0.50927760029307123,0.87354621020304801,-0.74095352057778463,0.39857939736592218
-0.43297686652483947,-0.53018963893715743,0.058334298959063391,0.38172080804910991,-0.015018897914875318
-0.32905960682303004,0.69433588398113422,-0.18628602723331067,-0.018572815723891301,0.43664803681619802
-0.18989827906678869,0.34978075356842275,0.3934113083665407,0.75019997616185563,-1.0585967640268912
0.0,0.0,0.0,0.0,0.0
-0.60051285016539468,-0.27006485770954569,-0.50381468167375054,0.55029678219646805,-1.0138304719678182
-0.95418401290851085,-0.044988552810318883,0.87513965569266672,-0.40587674651509253,-0.043663789049342316
0.9869993860031947,-0.73813296313394261,0.39867998572081653,-0.16997156785048428,0.0028447258068353617
0.0,0.0,0.0,0.0,0.0
-0.51119866915296974,0.22246237986236217,-1.4278547174231946,1.0537932791042657,-0.76043559153334073
-0.12107360880957518,-1.2030420656514842,0.26161642739668878,0.37457549891797548,0.376376049360438
0.7358196435882931,-0.32183693870556596,-0.22279716590486132,-0.39929864443665508,-0.11302284520159001
-0.39113841094973401,-0.918975706897323,0.3413258037294451,0.10488963430126574,0.86771010548369354
-0.52957497365904871,-0.77517353988695525,-0.34768314446234605,-0.2403870043483618,0.30499189965540019
-0.93762137058453554,-0.21994811567889894,0.70359819429396531,0.10407249537975183,0.41653606525315612
-0.17811092227287428,0.013999293716022265,0.29214108183094112,0.13182870328536467,-1.1926667482409066
-0.72993419068834697,-0.90823746595087851,-0.18885425256290755,-1.4667140129634291,0.86046403873656629
0.17446674425729203,0.74538832736833882,-0.4494729679716416,0.24955134581695582,1.1642411839344007
0.062615433165635004,1.1295436010159694,-0.27136364811433111,-0.16491624512069869,-0.64682851928655261
0.0,0.0,0.0,0.0,0.0
-0.80684995141546367,0.52544379904121286,-0.61728903312959282,-1.4615643616051002,-0.11610732842229687
0.74514996529716271,-0.80293140809362118,-0.56781171217921056,-1.3298887229755927,0.037080184998024457
0.0,0.0,0.0,0.0,0.0
-0.40556129739522362,-0.2366459013212161,-0.13613111314401749,-0.52003346913049064,0.65744768850487656
-0.37328644367524078,-1.0624492810377757,-0.035859234118563954,-0.0024170060974193497,1.1583134845633705
0.33823967823645873,-1.1722134634556676,-0.4885458284097739,-0.13168439114795305,0.91303457592996473
-0.13322001733625921,0.67210120938923801,0.4697094766683616,0.18522632527868943,-0.37377349381279368
-0.11243590802141079,0.81172470254135476,-0.97678883352369716,-0.85356780621376771,0.47362655662945308
-1.1883224175318423,0.19102865260691537,0.093221686968834927,1.5675133551155538,0.83637877444205699
0.2577102548596133,0.36454615602846019,1.0496864560731716,-0.427510405593992,0.75839386823381716
0.0,0.0,0.0,0.0,0.0
0.0,0.0,0.0,0.0,0.0
0.21572121053716131,1.1426470358118355,0.42795869841593515,-0.43428914247444794,0.16757532002480957
0.0,0.0,0.0,0.0,0.0
-0.15295544877495049,-0.011047799213100506,0.022834705457800752,0.1726175137353092,-0.20450750740013435
0.29220534775415885,-0.41687210781978834,1.8423494886678142,0.89492549474844196,0.59276051746132863
0.2678461453336527,0.27807989413672196,-1.5403772449876767,0.17340535079389241,0.28137166297784444
0.0,0.0,0.0,0.0,0.0
0.0,0.0,0.0,0.0,0.0
-0.88420923655468719,-0.46187480702596062,0.35230938883715424,-0.070154775211150877,1.1182893911891245
0.85082421716296608,-0.583210144041864,-0.054315552959057989,-0.41633370920809831,0.28926022346119407
0.2537550387688472,-0.5727319194536129,-1.295650494270367,-0.055515534377632125,-0.11987635372842886
1.083915471887515,-0.3704286140978752,1.5742262464037609,-0.18618141097642216,0.37232332984447591
0.0,0.0,0.0,0.0,0.0
-1.2885435509850982,-1.9153612323530851,0.2852554512316825,-0.66001720098156014,-2.2289331244173063
0.52765335227893129,0.77275103788342747,-1.0893995611909002,-0.49929917469455098,0.62109634656551904
0.0,0.0,0.0,0.0,0.0
1.0688411892321377,1.7379333184281163,0.55570736103154783,-1.338768744437898,1.2997002405039408
-0.29323598622448044,-0.17513964437620455,-0.44877358049377758,-0.17372113275494794,-0.075296293706648254
0.94553416831626258,-1.5633715809488553,0.53610333311681391,-0.32046067659973154,1.2646022398630343
-0.42580766452773133,0.44643226547098624,-0.84388781492132825,-1.4209350173769568,-0.81967014166793106
0.0,0.0,0.0,0.0,0.0
-0.59264490571536754,0.34158826731713177,-0.66595501520015432,-0.67009953531110256,0.14977137531509843
-0.16865838293289581,-0.70047998914140308,-0.60940869690664456,-0.50292084339606902,-0.54096746538657392
1.1004100658415279,0.18012369259310201,0.87400894208144386,0.95433791067693718,0.2330692058047461
0.0,0.0,0.0,0.0,0.0
-0.35178392089155874,0.14753246125362285,-0.29372872775917092,0.30529295779120069,-0.31766966216092385
-0.26316247696148842,1.1898139847202316,-0.067834914553487557,-0.4511327953697073,0.99449532546782393
-0.26872130568011521,0.004433189471776483,-0.5106287919796717,-0.98914807576428743,-0.5348187375739677
0.0,0.0,0.0,0.0,0.0
-0.66479468360185745,0.23795430652032934,-0.37825716228285877,0.46782687930157252,0.47119984781681179
0.25847190491798866,0.39700473291865812,0.010775946937521902,0.66270328183297522,0.94958791072204818
-0.26558494707065705,-0.92558106157070341,0.90690144899512504,-0.67893228267893324,0.92532528202262299
0.039462668715517069,-1.0005844710196135,0.93351854087301844,0.11241228157148342,0.86629498036299513
0.9147755577410166,-0.45851392038483496,-0.69364601214760491,0.6367780984748137,0.67497635147443269
0.14141802205769682,1.0597411924390414,-0.7497403557539748,1.1415385343910316,1.2712155408132872
0.27272251250187018,0.96445110207034901,0.22231372902924029,-0.41663378938451068,1.0794995110425649
-0.36910440826762247,0.4855828684217478,-0.16088755853466452,-0.46273060261607668,0.52232479998504999
-0.097024600786439485,0.56948160878251208,-0.22695924712390081,-0.077086246138798664,-0.21557728961941258
-0.92974693847028433,-0.40931199163769705,0.50910630076767838,0.40788456377207316,0.65161157702248751
0.45839311571051944,-0.80979363478422783,0.4110446918991757,-0.15161931339912638,1.4970998737167438
0.56035403880738244,-0.87456392502122782,-0.39559483973113174,0.64562311211501644,0.24230456908955844
-0.1381133760133606,-0.58535339963849742,-0.12103126299052569,0.051001005088060603,0.086307117657439925
0.20807256317265344,0.024637609080892631,0.044482267856861601,-0.15356020698377559,-0.11857221806443907
0.0,0.0,0.0,0.0,0.0
-1.0546132556374026,-1.1937809182109724,0.055115883503369822,-0.016054534676072763,-0.12230950057382906
-0.44448367928652388,0.25619120048784794,-0.49946626140011396,-0.50257465148332869,0.11232853148632316
-0.82391115339313847,-0.31354702382991206,1.2862025760331188,1.3116091669471288,1.0568559251190877
-0.87122767316324934,-0.087943792098892803,0.39764269014952047,-0.1845696188582675,0.1366739068875148
0.03253950580355891,0.57707103741424337,-0.15324410237472996,-0.10244429236310426,-0.20051882534821175
0.48120187911895229,-0.20324470060152411,-0.16929249908206545,-0.28145764747339186,-0.054748871820339717
-1.7747641487856947,-1.4046393784422744,-0.20105071950759412,-0.67695937636440728,0.25428274567073572
-0.53594888782501648,0.46797061093581771,1.2494737101031688,-1.1380877246675816,-0.1040141802674821
0.0,0.0,0.0,0.0,0.0
-0.21082297866611732,-0.87559998642675652,-0.76176087113330482,-0.62865105424508272,-0.67620933173321873
-1.2153031390137397,0.78237734928795177,-1.0242386160945962,-0.52339717573883737,0.5511430013538563
0.34844585865888611,1.4297065033486176,-0.023153136821342457,0.63112685430178139,-0.19308995308713861
0.096776135833534838,-0.53427875816069381,0.05127099653812639,-0.51030082029145163,0.95068618531799221
-0.67934733877394216,-0.062569458286890978,-0.4970734939043524,0.85256019250880044,-0.65821661742347715
-0.44335518179446942,-0.039846977986222942,1.5490883047066939,-0.73406490635894261,0.64971113795755819
-1.837751530174657,-0.51113432806774739,0.82948881515474504,-0.61258013355514862,-0.12052088895400814
-0.087366939527370402,-0.19565422529916177,0.31527790676313394,-0.42654686222019933,-0.11779009574460453
0.78141179886174239,0.076192422093189549,0.403741176910692,-0.43206849326650598,0.7742501001297919
-0.80926715342219158,-0.18170047388046795,-0.13320584371753608,-0.63298824809973997,0.83686394121103014
-0.45280915532782728,-1.275147246263753,-0.336388834932837,0.14714747150695473,0.68990726001393199
-1.4956708547378366,1.3038543478212308,0.66866033871480823,-0.57607725138250032,0.63207099994793747
-0.1348111765808282,0.00012021048146807064,0.18688744950743619,0.42514503462444608,-0.34114054847151642
-1.0861921763536344,-0.2211835354957401,1.3714624368870578,0.94715703069396007,0.79696490152055688
0.15682609687643279,0.77729364777085408,-0.81116221792020227,0.48951409245339228,0.099515703413811885
-0.14934410687290534,-0.094463706935155045,-0.043409660253662552,0.69721256332891457,-0.78834749279412542
0.60922890050952327,-0.50267864075088031,2.1374314518719397,-0.82491797523782462,0.15747837517238333
0.48115146320866975,0.52081647032040479,0.71146600617883315,-0.30727089190762413,-1.1286375701356803
-0.7179340369392051,0.20971938924949107,-0.89433406208485255,1.1243849246043993,-0.46691671497463716
0.0,0.0,0.0,0.0,0.0
-0.87358774300315112,1.2682505897612431,-0.12174404575178421,0.88518701305948522,-0.82885677091294507
0.1246684360812218,0.13897950815670512,0.69439529453580029,-0.14182976123961133,0.38798531420520632
-0.28943791674502517,0.035161115294695788,-0.22052190219655987,0.17754859809614487,0.80259529691875819
-0.33739627218867385,-0.84343736039891315,1.5346766517253356,-0.0096735188603496169,0.90488263321086015
0.041593924469135235,0.041149120301510078,-0.046178794350622887,0.24302725398797254,0.16286468300073764
0.50292815668986179,-0.43647616436625469,0.55451958451799932,0.33617762997875111,-0.65143856579387815
-1.30766900707897,0.78119075360816614,-0.67177662930240745,-1.002747827370789,1.5808012030130123
-0.079462767437372239,1.1824241686184855,-0.24345843688189506,0.96414009054992178,-1.5648307265689176
-0.22214709005412159,0.032438702654869367,-0.32928859514007058,1.1179604196768174,0.2652239158750942
0.74303356125785136,-0.73200743930817325,1.2752382995630596,0.75244931556351879,1.0664836800623501
-0.018120911464829748,0.14325136493810664,-0.19819543583615129,-0.56766665769335223,0.2929905037479088
0.31922704530697477,-0.19288434309288505,1.3576645209194655,-1.1874696393705149,0.30721318204832215
-0.62468493789228141,-1.0029237522474039,-0.53200394860420985,-0.18853060272724709,0.51352286241255296
0.0,0.0,0.0,0.0,0.0
-0.23111987158296721,-0.23475859499922969,-0.034411399080311655,0.11650935223931835,-0.076545315943239434
0.090251358928802095,0.089336690637682459,-0.045249008084053299,0.50335417702379326,0.18223050255400208
0.40106932918862093,0.55225999623871047,0.32713305048114449,0.41163891730803748,0.20570937131891132
1.3930726140513592,-1.4020289596800097,0.38640134340186805,-0.61163820946696346,-0.3685772806673917
0.3225047648842434,-0.73441613007553741,0.26892707916421865,-0.7939683442692953,1.9358629379559389
-2.1445000640444949,0.19201447663248361,-1.0317305119334539,0.69965151899388189,0.74196735885745202
0.83229025269061374,0.098550436323570523,0.17792907142744641,-0.61424082793510237,-0.47428887225775629
0.0,0.0,0.0,0.0,0.0
0.0,0.0,0.0,0.0,0.0
0.531466152610232,-2.0669422691419292,0.78408729614399864,1.383099715882584,-0.84280642393445149
-0.58647197244896088,-0.3502792887524091,-0.89754716098755516,-0.34744226550989588,-0.15059258741329651
0.76676957762739839,-0.097600316885358751,-0.45735952239780531,1.3696906465482188,-0.35459850093337941
-0.71746231854575937,1.5285075441000622,0.84041479246899087,-0.054075791660380013,-0.40348008786935274
1.2028535551248716,-0.07819964420906711,0.79005931574771071,-0.40394044901117532,-0.81526930676719278
-0.193087934202266,0.1560892566221832,1.1405216057015828,1.0186534120888382,-0.60489232492624723
0.0,0.0,0.0,0.0,0.0
-1.6529107325723227,-0.11025808613406418,2.8006259983125412,-0.58462745542836592,0.15671671397032827
-0.62107063413666808,0.17448526124952757,-0.75367949815922586,-0.62290453040775517,0.27612481238954523
0.28911332669128065,0.08857690892528769,1.3856065336691721,1.0185064250931042,0.02084260063245047
-0.98972574028931604,-1.0870805227454667,0.66700043528576103,-1.3508598545280019,0.12444477923458308
-1.108584282562183,0.30457082066864416,1.1281542630755039,-0.33769003487942584,-0.0047511901537374487
-0.1747338790547408,-0.39130845059832353,0.63055581352626788,-0.85309372444039866,-0.23558019148920906
-0.23021891056792931,-0.2285140312116356,-0.35108980250714872,0.28239087955986797,-0.2431434455354875
-0.9045076009551356,0.072324392850699581,0.32772990504991029,-1.1970264529989461,1.0045872910911697
0.78376931815894257,-0.71033632746220121,-1.0086017175104864,-1.0045479643136088,1.997336411386136
-0.39029024540590562,-0.83047932962269577,-0.29951321514366036,0.13279270377615937,0.16804377423352612
0.0,0.0,0.0,0.0,0.0
0.15859825671912464,0.44286011850464879,0.20408535440309228,-0.30431158093597888,0.14015282373252891
-1.6859553884012914,-0.1432672609651684,-0.32515153583472767,-0.26181258511945948,0.59280718624973172
0.088023782633835257,-0.32314023249796264,-0.26336115915205305,0.3989461093856228,0.12653062325475606
-0.77335391831298839,0.089585926915981773,-0.023963571613164921,-0.056657867319792832,-0.51476739160399743
-0.085854535148772726,1.8645343631065514,1.3431013181518927,-0.32656224024566471,0.16037375965695233
-0.10968653560767683,0.23144529466037866,-0.062095342411103482,-0.0061909385746304613,0.14554934560539934
-0.66650184323373551,0.69088585191704333,-0.15759437551234523,-0.41979259962908611,1.46242446917823
0.36671449256841582,-0.64783490782738795,0.32883575351934047,-0.12129545071930137,1.1976798989733943
-0.87985723778618308,-1.6255518980895758,-0.087263263292685522,-0.5546473699472223,-1.9171753113563224
0.1855458764444865,-0.098045114977492354,0.78342368878715307,0.31029828830358674,-0.26903150967026956
-0.2489374035614027,0.83519457267034625,0.61654211006479898,0.46214329404468835,0.35177148902906197
0.63811816287222989,-0.43740760803139622,-0.040736664719293492,-0.31225028190607595,0.21694516759589622
-1.2543937298132861,0.074224731066816929,0.26079654202928282,0.2368486477112608,0.90001841929570325
-0.60505853362048123,0.063103758828662038,0.21872870101073616,-0.119453273386112,0.1606356310112842
0.0,0.0,0.0,0.0,0.0
0.016251313801941891,0.28536207483405995,0.63252660170704544,-1.3778937949167513,-0.13620170355175532
-0.10394267726617601,0.28882383952011725,-0.10184471188803546,-0.05977873791895727,0.042601560491564605
0.99031365970505014,0.80536831206172366,1.0289947030648428,1.1021833047531153,-0.23989532158317606
-0.66188032634563931,0.57883364952915084,0.59040502845538434,-0.85683744475556445,0.44904928692085977
-0.10565857939478462,0.11520022350371661,0.70287247851982881,-1.1149094341537573,-0.60928986214077341
-0.2214996394286679,-0.20385780008939314,0.34246617527793077,0.60117294136356847,0.46160516431909571
0.16204395490183909,-0.44971389993272126,1.1404586114113249,-0.83326322141246789,1.0701807828727787
0.0,0.0,0.0,0.0,0.0
0.17344387442229348,0.44144805464642811,-0.044141844256787799,0.51952319173755623,0.17536715563467897
-0.14663755288946057,0.33060624049786114,0.14245840654248632,2.2652435516904887,1.0894277800682062
-0.093667917935477796,0.60993304473677767,-0.45453882232769693,-1.2759066457848007,-0.61279267367210011
-0.089050113434674394,0.80140270873371033,0.11526998796627375,-0.6420372852294669,-0.42621537426291667
0.0,0.0,0.0,0.0,0.0
-0.43218023065576339,2.798950925322035,1.3655157534354141,0.80298744795459487,0.047848534961540401
0.0,0.0,0.0,0.0,0.0
1.5611435811523151,0.71335400731899024,0.29416474711235663,0.2584323796314405,0.61535975753983552
-0.28943791674502517,0.035161115294695788,-0.22052190219655987,0.17754859809614487,0.80259529691875819
0.0,0.0,0.0,0.0,0.0
-0.083559510375680074,1.0752366148002472,0.46941068606564951,0.21719069695430981,0.56539700140183013
0.074511012058278148,-0.7134598961670271,0.55762619855129358,1.1323736273073877,-1.173242162665197
0.18282602497156031,0.047296010730873306,-0.12046141072456162,0.32048542341116715,-0.34584869350117842
0.0,0.0,0.0,0.0,0.0
-0.013817335489330063,-1.3343867506835565,0.20134958073029541,1.2718604364181521,0.21673875462956538
-0.49665774495729142,0.25333908253752668,0.0385602051043894,-0.32050986075975807,0.74613266449915816
-0.82173674763357107,0.57343393176662616,0.97626551841405629,-0.9097719370750923,0.72710947058184772
-1.2316082577123462,-0.77212891240293713,-0.26537969324499322,-0.76086348003421822,-0.48461960494545031
0.0,0.0,0.0,0.0,0.0
0.015714060081961301,0.1766186139095729,0.12132477451768686,-0.20679193612121116,-0.15861245808167102
-1.2081340205454261,-1.7644920964867197,0.60901757413498459,-0.46470270661203461,-0.37451600070438396
-0.20724244298399164,0.13551589933700292,1.2366117883515724,0.50002194803680844,-0.1697156253795935
-0.01060110960047389,1.2135279126293064,-1.0895854287153703,-1.3747926218058488,0.95851564423737301
-0.025301102982769719,0.22959738490549597,0.087210970338376492,0.0066523144204133078,-0.85026346476694892
0.7400201494820724,-0.57433786017847943,0.13984575639213404,0.96181841546605895,-1.1701855553628828
1.1132452683896616,-0.87806409126144658,0.20097542593699913,0.82097752820596526,-0.34134417386066929
-0.66438534247864633,0.18549425646024797,0.67566877709588424,-0.20580615957970849,-0.012260788094405672
1.4888736824241979,0.58918510299286986,0.12837770607269494,0.2708162627445887,0.55370330404973789
0.87653768001945132,0.12821401674934418,-0.065873398719537235,-2.072182911790807,0.49377317393999309
-0.29362021418761008,-0.18025652924002511,0.96002287840268696,-0.89378922332635824,0.955593516514194
-0.15134201101196876,-1.503802582064357,0.32702053424586452,0.46821937364746846,0.47047006170054573
-0.1476664262857792,-0.13590520005959572,0.22831078351861933,0.40078196090904505,0.30773677621272988
-0.76477724387475199,-0.055238996065502644,0.11417352728900476,0.86308756867654424,-1.0225375370006731
0.0,0.0,0.0,0.0,0.0
5.7873944749896214e-05,0.31407171091414554,-0.56806232460264283,-0.087764395073589796,-0.041340822433517777
0.39147229639470282,-0.29842611927606022,-0.58978624068390495,-0.24803927839057049,0.67283325777054848
0.0,0.0,0.0,0.0,0.0
0.0,0.0,0.0,0.0,0.0
0.37727229561974429,-0.19853702067056922,-0.27492067618200888,0.251313378886449,0.24614737870022019
-0.15293091286290394,0.018564712681614637,0.87879640431711792,-1.2940005953411209,-0.40576230417571457
0.088023782633835257,-0.32314023249796264,-0.26336115915205305,0.3989461093856228,0.12653062325475606
0.78260326931427926,-0.64630960295044559,0.65257519619725812,0.31437436246189598,-0.71885566227348896
-0.29580947170608773,0.27556447125556227,0.59568402364751805,-1.4967926472814597,-0.66449622807670394
-0.028340861685574037,-0.47661519765282101,1.0213187212562573,1.0194750346477903,-0.64985882801386907
-0.86432899222627269,-0.19945860890011469,0.5357575563528747,-1.0296472061776423,0.94405248554431154
-0.68675411404807285,-0.02414417072400532,-0.60419431493811615,1.5700506643140706,1.1833366370365237
0.69552394027824205,-0.38587811348526291,-1.2581308611799571,-0.25180055422863301,1.0897367411981538
0.15682609687643279,0.77729364777085408,-0.81116221792020227,0.48951409245339228,0.099515703413811885
0.0,0.0,0.0,0.0,0.0
-0.81789650527800006,-1.897757298428342,-0.30691941135725598,-0.34514186669396896,0.92269597070200859
-1.0311385577506507,0.11944790255464177,-0.03195142881755321,-0.075543823093056961,-0.68635652213866072
-0.45886634632485368,-0.033143397639301408,0.068504116373402368,0.51785254120592583,-0.61352252220040526
0.0,0.0,0.0,0.0,0.0
0.0074764787266463628,1.0094951112766353,-0.91891750296327501,0.64486246120639379,0.84908541277517813
0.78141179886174239,0.076192422093189549,0.403741176910692,-0.43206849326650598,0.7742501001297919
0.57547086106529477,-0.54683030821163747,-0.45817438412480094,-0.78841047384253393,-0.032159625347465859
0.0,0.0,0.0,0.0,0.0
-0.46636619710967775,-0.86069796444037028,-0.28968566748103797,0.52879173635565557,-0.073834726093035652
-0.21082297866611732,-0.87559998642675652,-0.76176087113330482,-0.62865105424508272,-0.67620933173321873
-0.36350370025499501,1.212923927734266,0.8651106324984692,-0.72880686147118467,0.021063147713224595
0.93368704710786732,1.1693128356849023,-0.30082432523472669,2.3494211624820593,-0.51461395273057775
-0.1346974876319269,-0.31808801244810425,1.6952755204692274,0.58972238296834512,-0.044543391595166071
0.40538493182327562,-0.33007057235895054,-1.0037642735431413,0.60184709738583386,0.52400887448858446
-0.66103302219563886,-1.3962698253075985,-0.36278257172435069,0.41691713464039104,0.24530355142143812
-0.063469063164401263,0.26049418496064902,0.045347529022055966,0.21696387721584909,-1.454310230286942
0.0,0.0,0.0,0.0,0.0
-1.05507076278717,0.21220055202959309,0.74829268018382944,-0.55228885248514725,-0.060640637871861358
0.041593924469135235,0.041149120301510078,-0.046178794350622887,0.24302725398797254,0.16286468300073764
2.6724537615720823,0.7241263536560637,-1.3510250333812954,-0.44120272664228227,-1.5366066198222799
0.33543165792455554,1.2718725055587647,-1.1268039818811983,-1.0972687091645641,0.83616778411247417
-0.67665873231047868,-1.073568331050609,0.19493879093638711,-0.092586162215385848,0.40792794218979544
0.81193137182438235,0.24850576600105612,0.1973999485237643,-0.17282707067034364,0.4783283810672101
-1.6447166538833287,0.068023584026005501,0.091698946955239169,-0.36749988505320985,1.3040483781765975
0.0,0.0,0.0,0.0,0.0
0.14588475237378962,-1.7124037853658023,0.47491972814466665,1.156412796022612,-0.24445808915706468
0.076583966431709172,0.61393586619566687,-0.78705867369734772,0.33484970738523812,-1.3853173316768612
0.15462615291576665,0.21872769361707789,0.62981187364390756,-0.25650624335639449,0.45503632094028745
-0.3989946786209948,-0.71370699473351495,2.537054443402901,-1.0754067496166457,-0.714550864508254
-0.5209734495938374,-0.056068837659035253,-0.81004748982461683,-0.79755321914678623,0.84006058515620552
0.038865407230693094,0.011677414303528359,-0.57526557616720808,-1.5173004057967621,-0.39822521733008465
0.0,0.0,0.0,0.0,0.0
-0.65960825083414054,0.33410564868672088,-1.6804375401008738,0.47438535793767866,0.62085060007273896
-0.84733615829818376,-0.27020957505685483,0.69760746121855766,-0.11170185941744348,0.84889100658635974
0.72119658478405846,-1.423396671223945,0.56145724915254647,-1.1108974490706522,0.20792404902875194
-0.87178756177818761,0.18473414534965471,-0.45392362031812761,0.91204905991527618,-0.40810069916379943
0.0,0.0,0.0,0.0,0.0
0.048809258705338587,0.86560655612136372,-0.22986615356209406,-0.15366643854465645,-0.30077823802231407
-0.70356784178311749,0.2950649225072457,-0.58745745551834183,0.61058591558240138,-0.6353393243218477
-1.1874121333553909,-0.8512021658531026,0.42024729346844403,-0.36759432415652782,0.28838426805434469
-0.29323598622448044,-0.17513964437620455,-0.44877358049377758,-0.17372113275494794,-0.075296293706648254
0.0,0.0,0.0,0.0,0.0
0.20523839011518152,0.56987532758051529,0.063745971023584591,-0.64980499674525838,-0.18682477560650668
1.0481093185637143,-0.46177806748498895,0.14265054748168327,0.93465112222166624,0.72840625066472953
-0.37266019080161072,0.31236454085755128,0.1989248494126068,-0.30717729756646261,-0.47963093298556569
-0.16091705979130921,-0.51425019077284695,0.33844817911137604,0.0084956274761562312,0.076201030386096491
-0.41700499682661729,0.011476116761926836,-0.5458923515675822,-0.24647882626391038,0.13906791532693497
0.047681489445387859,0.68740761318815569,1.2171820494272803,0.25802913127281712,-0.075648787333581602
-1.1774203793525757,-0.56209013777216832,-0.28440600258119275,-1.163551769565041,1.5136571157430208
0.39998022958670276,-0.89988153386833147,0.59502097207369609,0.46782996753965023,0.15992076185336535
-1.2834106711941882,0.095081997510193972,0.18386281720465014,-0.51141184085181379,0.21106741168039811
-0.41712674887021883,0.0070666664271401558,0.023298569251992252,0.75349693012553143,-0.45313300000249246
0.41213605022932254,-0.19916164483973287,-0.59052561419922611,1.0537101922339911,0.24984901090960321
-0.73308996556119954,-0.43784911094050827,-1.1219339512344444,-0.43430283188736496,-0.18824073426661991
0.76967499001854023,0.42377458088459985,-0.49149487387736102,-0.71040037997642358,1.2435193795702713
0.78478418826481722,-0.56487457858336754,-0.32679434422664499,0.68577770429547158,0.37322562590203034
0.10713845813346101,0.11123195765468719,-0.61615089799507072,0.069362140317557053,0.11254866519113779
0.8710372238790498,2.0146126786706082,0.033187124517495281,-0.41626682607823673,0.16590704386117405
-0.75841028718246406,1.1319331918365201,0.19168780470349045,-0.70709806429274735,1.0290178982527749
-0.84582341538810368,-1.3419604138132613,0.24367348867048388,-0.11573270276923253,0.50990992773724564
0.33634315117302105,0.9109845991453156,0.31458112719612608,-0.70279928852369355,1.2681582022227502
-0.095475757502335057,0.66059029993443907,-0.30681416261056427,0.098378331996314294,-0.15371783737418543
0.28737505075130088,1.4578758480744796,-1.8478431161933315,1.2984808945018287,0.27048657523363673
-0.85090557212922135,-0.31896439007383748,-0.23721395211701801,0.063078413605669237,-0.62971197996342276
0.28773543053264738,-0.27341515410581874,-0.22908719206240047,-0.39420523692126697,-0.016079812673732929
-0.37220197765037621,-0.22815320606831602,0.64024803497660487,0.59601417163370396,0.80346399101715948
0.0,0.0,0.0,0.0,0.0
-0.26105439623573989,-0.11312199412189949,-0.37064709257759709,-0.44493289840136008,0.053186761483978717
0.0,0.0,0.0,0.0,0.0
1.1076332395663044,-1.5261457128665761,0.79736003211338335,0.70782350068141353,0.45163704187734144
0.40547245023784839,0.0046717918395173808,0.064964584917168722,-0.3109211883230536,0.28357402913584906
-0.061104124049917274,-0.65078999301259799,-0.5983907825887691,1.1416056156982921,0.604949979544946
0.68884007032747263,0.025110634271299725,-0.5134366890731652,1.2729795188153972,0.67420771441537397
-0.87276853411026423,0.72080681780174061,0.29241038927041441,-0.83889239485035461,0.30862898589134957
0.37719611751739368,-0.32735712327468924,0.41588968838850171,0.25213322248406378,-0.4885789243454095
-1.2889231971883128,0.14930987819330177,-0.039939286021941661,-0.094429778866321534,-0.85794565267332779
1.1044084467080943,-0.43242220192925873,-0.93132934303829984,-0.26510411827749825,-0.27228095424981547
-0.22792400477801111,0.80616065910680046,0.85123266582040003,1.0804655627637425,0.39664275491711276
-0.055665127115490654,-0.48841396948326743,0.32299212820716505,-1.6482064791796465,-1.6373712299661443
-0.2953983225115886,1.4408628113820123,1.2295640024009495,-0.4368904696205016,-1.01835511383803
-0.7291463878650104,0.75403398825498869,-0.98461355102799786,0.28993803127461426,0.6885689135836639
-0.35149302114651454,-0.076154631433364539,-0.63933451367897454,0.17341219717012368,1.2507802702412374
-1.2610083711215658,-0.67994599474000239,-0.58380447555139625,1.1882471839984703,0.019365690335081398
-0.40229264947827126,-1.2856254769321112,0.8461204477784392,0.02123906869039055,0.19050257596524123
0.0,0.0,0.0,0.0,0.0
0.0,0.0,0.0,0.0,0.0
-0.88696183779291005,-0.6539891796666879,-0.99418878923682819,0.87582293993259164,0.091841063748354657
0.0,0.0,0.0,0.0,0.0
-1.3071252010108072,0.01606754444228109,0.071550705834109607,-0.22116119114783128,-0.84498899691244489
-0.69335961474889984,-0.70427578499769083,-0.10323419724093519,0.34952805671795861,-0.22963594782971786
0.017471171871420332,-0.99758547238939954,-1.8434740103293876,0.81298011550084226,1.3581486259401458
0.13957339540583424,0.59631066189466964,-0.35957837437731488,0.19964107665356501,0.93139294714752197
-0.24840721828050416,0.68418885536138419,1.1748490126324151,-0.034825431946529761,0.89968320819663106
-0.19912547583054074,-0.12595160924687265,-0.057879547004883514,0.92961675110522179,-1.0511299903921696
-1.4211078085918838,-0.37319839829951018,-1.9291410622723326,0.49565385705369103,1.9462179011621856
0.18527728679100564,-0.0025942943189501411,0.86781805988151461,0.3314317618553595,-0.65959112205032167
-0.30923105083673819,-0.1297967359607739,0.96380971394482184,0.49088653199113708,1.0478395492523935
0.0,0.0,0.0,0.0,0.0
-0.21841734881842623,-0.48913556324790441,0.78819476690783219,-1.0663671555504948,-0.29447523936151043
0.1822698965153684,0.55618814367567637,-1.6389726258205766,-0.41313633406749695,1.4510234290783641
-0.55952864339035036,0.071774205318726914,0.7342087167440956,0.38159338429036005,1.4830111712630369
0.0,0.0,0.0,0.0,0.0
0.51522589669873753,-0.69180888257853823,-0.64714547771933439,1.9096106377123756,-0.18797259942598821
0.10667894221405305,-1.1761800787372465,0.98626345048645536,1.6404137521603701,0.8007251607184287
-0.31881674621342526,0.47134878444744555,-0.27391546224367502,-0.19708697900363958,0.094520706736719529
0.0,0.0,0.0,0.0,0.0
-1.3668888867445546,0.019583503707549355,0.47881018241412127,2.1442067448014051,0.51000511198131093
-0.38995148196361029,0.66068311695261173,-0.42597801380819611,-0.037855655752123796,-0.28811236598811085
1.0201122926719606,-0.35131838575388397,0.07518810214677546,-0.50856135112382361,-1.0328592001160719
0.56433727903173381,-1.3278505542223904,-0.74908065793048451,1.1653648661129008,-0.68994506229078212
0.0097507882811651014,0.17121724490043588,0.37951596102423046,-0.82673627695005081,-0.081721022131052923
0.28740019275505624,-0.82829681854692416,0.37584861947203763,1.5972218045054039,0.32897106026533152
0.0,0.0,0.0,0.0,0.0
0.4970454463048668,0.36785601377240873,0.25869475263954822,0.53206906541695176,0.19346168659718899
-0.16631355945726423,0.18103241912026879,-0.75684872802600012,-1.5997365866246263,-1.1552255163805647
0.0,0.0,0.0,0.0,0.0
-0.04595000527743176,0.2326441267399737,0.1422373824044918,-0.0050817977044293611,0.12386655723642059
-0.61438359147705679,0.47347289301788176,0.54972425462069996,-0.96687133058864072,-0.75863233800090146
-0.04083082133143634,-0.49717180919765269,0.48096809975042731,0.51848167042383686,1.0001867248301153
-0.8300764177924389,0.47666435998305268,0.2217696078606517,-0.78317084712015728,0.97404054668431783
-1.1155245974257673,0.61610006241505744,1.7493520688255644,0.46367927871063963,0.58935392760134997
0.0,0.0,0.0,0.0,0.0
-0.85902610151650904,0.70635639405491446,0.1249431820870246,1.2795542594470835,-0.021808110924502966
0.0,0.0,0.0,0.0,0.0
-0.59077192196432815,0.54098347960264981,-0.84363503538487183,-0.28425937587675065,-0.63066022366819041
-0.014907140343801251,0.67924966214922966,-0.48019085890249702,0.89959095847334858,-0.45850714114402047
0.0,0.0,0.0,0.0,0.0
-0.55039692491665093,-0.6806298266424804,0.068316207654387284,-0.54857086183008796,0.53160851201538861
-1.0475113208505569,-1.230682139490753,-0.009731728150455865,0.031203973816083419,-1.5788143817782228
1.6652304299575071,-1.5193373142036855,-0.73130347188542721,-0.47663168524855681,-0.57387987059316092
0.77443797156924177,0.073200643200836524,0.039969789777769771,-0.93833674682867141,-0.059751408172849629
-0.46043782113585863,-0.45702806242327121,-0.70217960501429744,0.56478175911973594,-0.486286891070975
-0.3452834400334055,-1.4633834990962438,-0.30257815747631334,0.12750251272015167,0.21576779414360026
-0.68754046404042413,-1.0019261003844235,0.092928852765393088,-0.38621808856520978,0.56028694827082148
0.29866307307438333,-0.93434764166005735,-0.85014689330585114,1.1069464674827385,0.3765534866673903
-1.3200986134387107,-0.42769606602543342,0.29383008001231192,0.93966482923647043,1.1108959686110471
-0.15566026214745365,0.12250467839826307,-0.20936710727568775,0.090887228760832439,0.10154850951050043
-0.49275339974901655,-1.6281301991367627,-0.12855558183220595,-0.11013776273895459,0.53501830439288511
-1.518762662098462,1.1043536779794201,-0.26014773980629435,-0.064565014513954466,1.0221463721477289
0.88990985899900643,0.60777648524381478,-2.1897283999340491,-0.53945222711257657,-0.99123193330511405
0.046425814957437694,0.089203514964807162,-0.082998721638677608,1.0510818672234912,0.86813965959081685
0.27561444951484404,0.14281482554214353,-0.56750782546012601,0.62699020700024732,-1.382861329153716
0.88146252098266586,0.1491168301490049,1.0142328964283127,-0.33733926731306774,0.91153226276840993
-0.64834324658303277,-0.82578664275725311,-1.2470322442113595,-0.58370826195738346,-0.087487032489200978
-0.19481284731053172,0.5836619284270288,-0.11189559060886189,-0.28974094136948825,0.06325142732523803
0.69503950726832286,-0.44041628929621801,0.50920998130237694,0.46288005696164802,-0.42297033206264922
0.65397912242431389,-0.23115920868211104,-0.15184023212669118,-0.66515453045763451,-0.22425330797216247
-0.061846210167347926,-0.025959347192154869,0.19276194278896264,0.098177306398227415,0.20956790985047902
1.1692044937969301,1.6915827415836053,-1.2305193442522433,-0.045709019241691351,0.85691763864634418
0.0,0.0,0.0,0.0,0.0
0.33960640156352717,1.0092676838481314,0.19811882846691375,0.87967769762377657,-0.50322015204968018
0.61704553861846989,0.32558875855847536,-0.43482469087139819,-1.8174118650165383,-0.58306411930321289
0.10468004655437646,0.44723299642100045,-0.26968378078298905,0.1497308074901742,0.6985447103606397
0.50292815668986179,-0.43647616436625469,0.55451958451799932,0.33617762997875111,-0.65143856579387815
-0.039814501815301995,-1.1194361715168508,0.42837196945938238,0.36977546076844359,1.0730372452464749
0.2309149191704627,-0.039654187851572154,-0.021072534596602688,-0.13122445546549066,0.11914133146897798
0.98547353568987717,-0.72582643039433137,0.075571401729687571,0.47260284581712142,-0.11685919881250229
-0.72637657942800082,1.4543354486165159,0.48214193974653385,-0.93609390253014624,1.4975344936581485
0.048969656419885599,-0.23335583917896052,0.072458391594201421,1.0391021130904115,0.75231520021537079
-0.4823965279083795,0.058601858824493203,-0.36753650366092894,0.29591433016024027,1.3376588281979318
1.4599297783494229,1.4376410823476355,2.0446848198325061,0.90852697814153061,-0.82949276138967321
-0.44343371302487378,0.12182832826745749,0.45126170523020104,-0.13507601395177016,-0.0019004760614949757
-0.29741244316056648,-0.01970068191395935,-0.40546715972339076,-0.42442335487935701,0.012226428287139379
0.20209249809887631,1.6430880584919778,0.092758774437602831,-0.45911256888724061,-0.16249114433275214
-0.061846210167347926,-0.025959347192154869,0.19276194278896264,0.098177306398227415,0.20956790985047902
0.0,0.0,0.0,0.0,0.0
0.97676474857718265,0.095240527616487825,0.50467647113836511,-0.54008561658313425,0.96781262516223432
-0.5049979079505188,0.39353166871038736,0.17146390677048906,0.67747868612546647,-0.50583214073567162
-0.063210619115276589,0.069769954592399763,0.17153397226455924,0.17179765413812298,0.21855724540216936
0.49273676784493858,-0.36291321519716568,0.037785700864843785,0.23630142290856071,-0.058429599406251143
0.38740168178911194,0.53197254583044185,-0.21281773109533475,0.45196060786758174,-1.1100403102653811
0.10308410194384487,0.14581846241138496,0.41987458242926978,-0.17100416223759751,0.30335754729352615
-0.39158159435360673,-0.1696829911828508,-0.5559706388663983,-0.66739934760204278,0.079780142225968076
2.153002925781347,0.86468077290793843,-0.56224983615981117,0.10800232658064957,0.19675344288078467
-1.202764522202874,-0.13195917510005106,1.6643166685379516,1.4424149723605861,1.4516212833308266
-0.45778707444540601,-0.064522452014324827,-1.1022551975194759,-1.1242958451138847,0.27250352332245953
1.0081568225729995,-1.1622971388026251,0.28682512821420758,-0.44322152923237645,0.54578698025764183
-0.58647197244896088,-0.3502792887524091,-0.89754716098755516,-0.34744226550989588,-0.15059258741329651
-0.086333049848818844,0.20740561254432244,-0.12853047556692943,0.1365725354472378,0.49683577237394427
-0.20028482475941178,-0.027493247934331277,-0.29415478987392107,0.073704116960818689,0.63525587554092922
-1.9766988494476596,0.98622531632944188,0.0451577369863152,-0.7224215181050937,0.04793293746698879
0.053104901877917499,1.313049045968512,-0.82831806308688272,0.93085124359092219,0.86473835428593304
1.4418246967967345,0.64411402863688494,0.39764364757914539,1.0421697512439212,1.5571693254206505
0.24157119214267375,-0.77592011434291952,0.60678804113612861,-0.9820345031762443,-0.15326241755901648
-0.60913360109636017,0.36847929671611446,-0.22855459587266225,1.619514506703009,-0.26195900334178646
0.08318784893827047,0.082298240603020156,-0.092357588701245774,0.48605450797594507,0.32572936600147528
-0.75002662409828247,0.98106462447211129,-0.76082828913873257,0.14644071375344225,-0.59145703253930826
-0.4823965279083795,0.058601858824493203,-0.36753650366092894,0.29591433016024027,1.3376588281979318
0.0,0.0,0.0,0.0,0.0
-0.87372847412100363,-0.18689545817484543,0.12737663260304544,-0.084406047659492778,0.87835288927269595
0.0,0.0,0.0,0.0,0.0
-0.26344768442683808,0.20111888391383781,-0.62178879794736197,-1.5069073006545526,1.0478183418427252
0.0026567768223273447,0.94781320478467279,-1.0374956272506566,0.68216302956414054,-0.70864036922734464
-0.30576625775807997,-1.3527152792955732,1.0883521060635246,0.41405638911681208,0.086662446783957847
-1.4185064302035411,-0.47995341660099555,0.80281670300178121,-0.15491498694330308,-2.2559333724695794
-0.61201738496002811,0.34077373673679912,-0.6271506359590191,0.93178606987475909,-0.3728066636995937
0.0,0.0,0.0,0.0,0.0
1.0635302714537076,-0.72901268005233533,-0.067894441198822042,-0.52041713651011889,0.3615752793264928
0.091678623142103954,-0.16195872695684699,0.082208938379835117,-0.030323862679825342,0.29941997474334858
-1.0612743033505225,1.2234627323646414,-1.0947055516058501,-1.7755215381499174,-0.77779083303976293
0.22229828340241828,1.1116078072165083,0.49050143476639885,-1.2256432151996397,0.7628149105263563
0.0,0.0,0.0,0.0,0.0
-0.38591722232670145,0.046881487059594384,-0.29402920292874535,0.23673146412819257,1.0701270625583446
0.55535096264227235,0.79540309265957632,-0.93605235021686584,-1.0006299541310621,0.42485703368059546
0.0,0.0,0.0,0.0,0.0
0.081093180977103607,-0.33890224107375166,0.21957331368811595,-0.91639021067474236,-0.15912662144554268
0.42541210858148304,-0.291605072020932,-0.027157776479528994,-0.20816685460404916,0.14463011173059703
-0.51580055091027877,-0.43185504151267828,0.75047623941674502,-0.61571593216269915,1.9114504003141033
0.68871545917449239,0.11037774787110699,-0.19819841513003711,-0.76750226665179255,-0.30760073414613665
1.4642267025011562,1.2188669414627586,0.17013224323049703,-0.42358312615298971,1.0499110809119954
-0.073420461067803089,-0.2302794529302794,0.11446325102885835,-0.063892094018080048,0.18987091903818687
-0.56209720569445842,-0.52295549151253518,0.041423760473976667,-0.11121257242385063,-1.1367848844689732
0.39977312949973154,0.27937020923945344,-0.62199046042795691,1.1450811079013619,1.1170489872303424
-1.4520461219387499,-0.14657298683148934,0.66273781691586664,-0.30761603143044702,0.22778984481252318
-0.73683039873736655,-0.27957222883795296,1.2682600450509247,0.21172871777049984,1.0432306322448084
-0.48700864621611828,0.84991165177749406,-0.041489662291930074,0.63000275914359172,-0.93272446506219531
0.18149689639442101,-0.55868463299389504,1.63280179708689,-0.37113018722787228,0.81460574547291209
0.0,0.0,0.0,0.0,0.0
-0.018755236273031439,-0.31311097623114148,-0.096356394837298964,-0.25700191470234079,1.3488200819734084
0.23377277635859239,0.10592870194862014,-0.98193107178301453,-0.56663024961929764,0.096631638294148559
0.079312959478468392,0.16178248687389996,0.61265439304210645,-1.4792760522332227,2.2978404613294927
-0.66645246247694701,-2.0342458944796826,-0.57900578873903719,0.27158261025551766,-0.50192281881806178
0.0,0.0,0.0,0.0,0.0
0.16583426306219096,-0.093742890326610429,0.49379140138455568,1.2008758121029217,1.2993290470539165
0.26209540549524046,0.86274008938037028,0.32943192108081654,-0.95865051459490758,1.0920070632443419
-0.67474746720929346,-0.39312210791914737,-0.27317435856013361,1.2743939366261241,0.17011713187022526
-1.9706631240581487,-0.2210011411102677,-0.22240113664161409,-0.85193525580266538,-0.22920640554185523
-1.3577809212671745,-0.1296025344281091,-0.93270971533844715,-1.3602596752558043,-1.0418375707615466
-1.3412910766294388,-0.50449166637958953,-0.56840785776839198,-0.69763956560885987,0.43783644630147656
0.52089286090991693,0.37324303129710135,-0.33635546354575441,-0.1529602272320949,0.024025776998538806
0.016217930050300422,0.14200874836925159,1.2506129257821126,0.32460225540371823,0.10087505183851664
0.41043973688374535,-0.20134449670675814,-0.31510204231542005,-0.76341941152105264,-0.13643298597597298
-0.90833527437894723,0.081083357021130453,-0.024078831047690485,-1.9479682085670884,-1.0772330351719344
-0.14057089839223669,0.028246216137466362,-1.2697420664488757,-0.31469312840107833,0.39275452209039269
0.0,0.0,0.0,0.0,0.0
-0.096982324027309552,0.079708513125630986,-0.11064906275234909,-0.19459588758354585,0.13728850452579255
-0.11061450808833317,-0.29963674595639045,-0.069456142601466819,0.2425566886261894,-0.20786215697174182
-0.78164014062586062,-1.2190285530465381,-0.37747027031843583,-1.1582737494681687,0.88188411113909737
-0.52578803462206991,-0.071011413100171894,0.84872401391776986,-0.51819320434343652,-0.32413445471096658
-0.34867412319916147,0.033773233476831699,0.79898297433906507,0.34017946290151713,-0.55069843771808102
-0.24589265457762943,0.443861885013348,0.12124727770299959,0.018261552902890443,0.55084024846171431
0.0,0.0,0.0,0.0,0.0
-0.77876437788251518,-0.65163562493947991,-0.1384017507476214,-0.17701198376202854,-0.60725148876099611
-0.48134322587302059,-0.75051262930329798,-0.47167599898608614,1.6256088804400051,-0.62437393881140579
0.013167522049452041,0.10908130399813221,-0.27649062785855771,0.070346040676961152,0.2025511658364052
-0.61182179509980195,-0.044191196852402026,0.09133882183120301,0.69047005494123681,-0.81803002960053739
0.10483816219809583,0.34509603575214864,0.13177276843232644,-0.38346020583796125,0.43680282529773429
0.0,0.0,0.0,0.0,0.0
0.27423903745734002,0.070944016096310403,-0.1806921160868411,0.4807281351167525,-0.51877304025176407
1.0635302714537076,-0.72901268005233533,-0.067894441198822042,-0.52041713651011889,0.3615752793264928
0.044208653831296019,0.55074598422345744,1.0317447662622286,1.5524277638872483,0.046810446380171289
-0.1157342248440331,-1.4594408131509373,1.4950405489578222,-0.71097993063161979,-0.68532509077839399
1.3356812695636293,0.94755167964605924,-1.0853679516390002,1.0467518151900066,0.52775977794147266
-0.56426020732183679,-1.1686425268409391,1.1122894964448165,-0.56349003551309451,0.89227534464331626
-0.17266609969763769,0.41481122508864487,-0.25706095113385885,0.27314507089447559,0.99367154474788855
0.0,0.0,0.0,0.0,0.0
0.28017701940369122,-0.43728196251061391,-0.19779741986556587,0.32281155605750822,0.12115228454477922
0.13368977639620638,0.18408666541290408,0.10904435016038017,0.13721297243601249,0.068569790439636957
0.051099212209308575,-0.25134361989486353,0.015041968750309831,0.33114435342757931,-0.11511872432742987
0.70762044954701864,1.5299015214886285,0.72336828211787729,-2.3462197370723832,0.15269856272072413
-0.768995667799933,0.794003286245486,0.0050321407796767303,-1.1762899062572583,0.75412861074383919
0.062856240327845203,0.70647445563829159,0.48529909807074745,-0.82716774448484465,-0.63444983232668406
0.0,0.0,0.0,0.0,0.0
0.0,0.0,0.0,0.0,0.0
0.043237478586267697,-0.19445060611287346,-0.37675199869729248,0.040065643482298241,0.088675896395326914
-0.13759923122916273,-0.1701574566606201,0.017079051913596821,-0.13714271545752199,0.13290212800384715
0.78141179886174239,0.076192422093189549,0.403741176910692,-0.43206849326650598,0.7742501001297919
-0.24643515612447153,0.21729763560885029,1.1789042198340027,1.0064062715249982,-0.56037263638642187
-0.58140745074208056,-1.08752119901661,-0.28472198684255545,0.23421450914420028,0.29378750897303973
0.17446674425729203,0.74538832736833882,-0.4494729679716416,0.24955134581695582,1.1642411839344007
-2.1415542701639882,0.37902213129343831,0.18707569246083877,-0.75670227913159294,-0.81924315180228113
0.32052966292528673,1.032633518988769,1.1101954507713159,0.097187116258758977,1.3763821614765437
0.23229429577357052,0.093708686953537401,-0.12659624442489292,-1.3454533677477301,-0.41537883355707805
-0.35078555884490803,-0.18251907147349478,0.13867608240506857,-0.018982257851897,0.45160462226622888
0.053569229066730506,0.055615978827343593,-0.30807544899753536,0.034681070158778526,0.056274332595568896
-1.5187260000625677,-1.0836236579409402,-0.64320075195802229,0.90701931948441583,0.88907309296770975
-0.14312239734268095,-0.21776923821865712,1.3669061831750815,-0.16692501511581193,0.32832096382641796
0.2769668749363472,-1.5262651254357942,-0.5001589975974845,0.60183011351520577,0.32743342904488948
0.0,0.0,0.0,0.0,0.0
-0.42968451620077097,-0.82219675753546539,-0.25000270777195865,0.12815825321303742,0.18642794202817559
-0.31998016591674272,-0.344154079693062,-0.077166286416842755,0.54245490696561482,1.2497474814681584
0.0,0.0,0.0,0.0,0.0
0.80234201836124974,0.013363767075364796,0.12294321682087039,-0.63194451171867172,0.56990829158376499
0.0,0.0,0.0,0.0,0.0
-0.37356539290066731,-0.1780987646635106,0.47241000565822139,0.36735149300880265,0.86897770302362964
0.020273295244275902,-0.084725560268437916,0.054893328422028986,-0.22909755266868559,-0.03978165536138567
-0.09190001055486352,0.4652882534799474,0.28447476480898359,-0.010163595408858722,0.24773311447284119
0.70318104522905278,-1.4567376326435895,1.3341298372178354,-0.79189453778914487,0.29521012166915339
-0.087622208627073483,0.041589908747768689,-1.450550462663001,-0.39816715970903971,1.2484363213031031
0.85689462319364473,0.052582878522397181,0.74610928543803823,0.75030043006832869,0.25454584391323465
0.10308410194384487,0.14581846241138496,0.41987458242926978,-0.17100416223759751,0.30335754729352615
0.5390704797309871,0.58033558831467857,-0.91976971633157767,-0.10088666526823342,0.60548970292348692
-0.56181961371242473,-0.78718901779868578,0.37847907001812864,-1.3868194616251932,0.09754962863547105
-0.38512547765874761,0.2350030419067739,0.54194778011355771,0.30813987007995136,1.1031667224998083
-0.14388150632799634,-1.2285943198378462,-0.67782577820656797,1.0206212759395719,0.94000273838732973
-0.09080520660718161,-0.90228154923861403,0.19621232054751747,0.28093162418848183,0.28228203702033028
-1.6067868868091217,0.75067376550504683,0.21288988514754337,-0.97808522765153327,0.21217894598719766
-0.050404654272764304,1.3408049735594467,-0.31046286825177205,0.5244890454245521,1.1571348363396901
0.33787931313007652,-1.4541858712092024,-0.66851419429067871,-0.44250472377006034,1.7131708425326242
0.21006017174150493,-0.53217563283667779,-0.48926306328266733,0.86171320550796082,0.40458826481370203
-1.5468642861170441,-0.40911855563727428,0.35290249175608768,-0.17925246481600698,0.6178100516001197
0.0,0.0,0.0,0.0,0.0
-0.51914725110847115,1.037099762601148,0.37272064458891307,0.20624446358791015,0.43933537655476762
1.1739899807583249,0.077082100563597322,0.88317021688503239,0.88691401278205362,0.22227667177761212
-0.47540501597443274,0.059138953635754277,-0.36376217556165003,0.29200854185674352,1.3421006379890712
-0.48415910859185196,1.3892210574153836,-0.3849032558193306,0.068307082335792302,0.35147822675542395
-0.44775273059181941,0.61043254315490003,-0.37257076777025966,-0.091465992607599134,0.39855854374145316
-0.73908956823035243,1.739726406798932,-0.64744773141944489,0.14261375001437138,0.23105340334710123
0.086730410836090926,-0.21185208859276217,-1.0051800360612557,-1.5145006504571106,-1.0730226302839063
-0.42545278606461068,-0.15948219503691874,-0.11860697605850901,0.031539206802834618,-0.31485598998171138
0.12776547756225654,-1.3221002216949653,-0.58532587893718357,0.063210938652902726,-0.54408621104025168
-0.41137946661351066,-1.3628279136470116,0.72757209302091541,0.036340365468177316,0.20179853633963063
-0.1939646480546191,0.15941702625126197,-0.22129812550469818,-0.38919177516709169,0.27457700905158511
-0.40864683310593186,-0.87926960779929753,0.47545345643441994,-1.4067893518887331,-0.89779752223411968
0.64114435617764443,0.65193555445026519,-0.022388951653701028,-0.18508038999385867,-0.10185065152243045
-0.12107360880957518,-1.2030420656514842,0.26161642739668878,0.37457549891797548,0.376376049360438
0.80460644666331405,0.099326387123682025,-1.1443216864218724,1.7222962692592141,-0.99505057739438385
-0.81096002288963476,1.5123315387230498,0.36399611112497254,0.086106949444062053,0.38190506315469763
0.19142300048336747,-1.2430029748687488,1.5050961085376184,-1.0877528140949611,-1.0307163178694987
0.0,0.0,0.0,0.0,0.0
-0.97582671640601237,-0.74373290124304248,-1.5095374613772723,0.61185854387074556,-0.92061007508983472
-0.62695733538575005,-0.20743739411951534,0.17881378542099535,0.0096407410678946981,1.0591556316988766
-0.351697910050909,0.96417407648196374,0.27311154210151756,-0.403884142132517,0.70163365336675554
-0.43383607331587903,1.6246648013781515,0.2410383891399519,0.79905043649653962,1.3208578395395048
2.459810693310275,1.2888088688102814,0.28020921284659606,-0.49651205251963049,1.1083800073108083
0.84155571900391202,0.083918400717303054,-1.5739151813251013,0.41186723704824146,0.47821919702140603
0.0,0.0,0.0,0.0,0.0
-0.37982659644739591,0.13792706062647031,0.053668200655704101,-0.91863611307784687,0.024248336217197131
0.62684827943344068,-2.0827451730604185,1.1741071298383723,0.37985784772459397,-0.58258627672342378
-0.14310353968615663,0.8261640810987565,0.77377907578709682,0.39017580990773126,0.94825441981255665
-0.91018168748405603,-0.31257457446698211,-0.17694859283387787,0.037602222022218523,-0.57989650693994088
-0.1620082645119183,0.75232124533878064,1.1019046462797881,0.66668230507628223,0.17505594166754879
1.2479569060312912,0.13066731450441971,0.51461119817821999,-0.76958348465080206,0.5657366962212711
0.63678997266651116,-0.53432717594719303,0.94181832521562914,0.8667053424443445,0.47710683227465722
-1.0351847309900017,-0.26755683699686728,0.88095112871951686,-0.026761919106796039,0.47559723602422121
-0.20788535453235202,0.57764767904023451,-0.20368942377607091,-0.11955747583791454,0.08520312098312921
0.0,0.0,0.0,0.0,0.0
0.0,0.0,0.0,0.0,0.0
0.34599051485399168,-0.3819980636146636,0.14265880025799249,-0.20974983622710575,0.50504230595676081
-0.097204958707151512,0.45139274720327016,0.66114278776787216,0.40000938304577005,0.10503356500052918
-0.31963357380823965,-0.028171661713647822,-0.24805689100499606,-0.55590871151788157,0.30372737083084722
-0.50650019545980163,0.33384117719956308,-0.59502509169812434,0.26412506350035869,0.3618916000264143
0.43064603532540868,0.19096883689215538,1.3382149137320238,0.018480371813293539,-0.13537881877278379
0.87876875363963014,-0.019354687499637868,-0.75237111249229627,0.15650306424007826,2.1271919166962503
-0.76254346846217658,-0.86619121811529887,0.066608693056670276,0.043728959764672837,0.90353796698911859
0.0,0.0,0.0,0.0,0.0
0.069786697702917122,0.29815533094733482,-0.17978918718865744,0.099820538326782504,0.46569647357376098
1.4264369177158045,-0.32683795198437782,0.89741121254296896,1.1447918009817322,0.76601771552390385
0.66024603950491567,0.10807421555586005,0.52440536524886561,0.57260274640616338,0.13984152348284762
0.82823010473547143,-1.704559248758529,-0.64639984706619558,0.43303162916901528,-0.22453067326018505
-0.72904288444986776,-0.56365124790786503,0.40070593506039887,-0.60291184164135325,1.196607375831261
0.20901553572456244,0.18319017161484563,0.015607110754203402,-0.075831177974178487,-0.094782753545441967
-0.027499600457280948,-0.59287108150611356,0.71569187848456473,2.5323500607857801,-0.038788646120035075
-0.62637904176454295,-0.62932070599826773,-0.55665557194830662,-0.38584443696504245,-0.69085117573702703
0.0065005255207767898,0.11414482993362429,0.25301064068282031,-0.55115751796670054,-0.054480681420701949
-0.036241822929659495,0.28650272987621328,-0.39639087167230258,-1.1353333153867045,0.58598100749581761
-0.95807524184396509,1.0877329450834665,1.0928958070214392,-0.20477878717086645,-1.69726828894774
-0.64823633413444881,-0.47165584817864881,-0.89384435537888951,1.0399055309664789,0.52003341945893844
0.0,0.0,0.0,0.0,0.0
0.30215192037168226,-1.1839641521886848,0.57911134388008279,-1.438546166250168,0.73622955798366485
0.56590844342961599,-0.29780553100585472,-0.41238101427301554,0.37697006832967084,0.36922106805032939
0.15625518785167181,-0.55330267962632962,2.5843949118504028,0.19010703959677322,-0.28751325016002927
-1.8328241554013616,-1.4456076478634454,0.48797640875560155,0.19545291243816454,0.58516020582907657
0.070719129050306861,0.38092446975691274,1.4761090494539166,-0.8034033193378729,-0.69402417778202619
0.83815433686134089,0.10988922444710969,-0.48017416946011138,-0.58932709315025456,0.56784389180010209
-0.50575171538619657,0.025614198506373143,-1.1885210962461414,-1.0776264007128411,-0.12918636031775321
0.36691831275657183,0.47478864226604856,0.5127770624267658,-0.53942861291068667,-1.1669463291110986
-0.19048949076549748,-0.4207037030919647,0.43305866133327697,0.17387486851095035,-0.16292503771099565
-0.080458529895654607,-0.25712509538642347,0.16922408955568802,0.0042478137380781156,0.038100515193048246
0.90528331193073797,-0.46527367988903023,-0.53247274421180535,-1.0224849726819976,-0.13655549884608398
-0.23111987158296721,-0.23475859499922969,-0.034411399080311655,0.11650935223931835,-0.076545315943239434
-0.09841042029945779,-0.12975576257239707,1.2856594046291354,0.36977337550945677,-0.012408106288190446
0.0,0.0,0.0,0.0,0.0
0.0,0.0,0.0,0.0,0.0
0.016269752901779455,0.28853551870712169,-0.076622051187364981,-0.051222146181552131,-0.10025941267410587
0.62421768951796075,0.073912827242677004,0.13344680357058492,-0.46068062095132589,-0.35571665419331921
-1.0421385843630766,-0.42355650788043564,-1.2472169395648292,-1.3236822712678926,-1.8327989210650428
0.33565263303185233,0.93822159835901786,-0.43483072002031875,0.13826051525543015,-0.54263092782719191
1.396154467805335,-0.1263359789154741,-0.93744126923362803,-0.79795877932854609,0.020838877658652777
-0.95606263120858159,1.0718053339789009,-0.64029650370666147,0.36776475065725833,-0.19251363865539339
0.012801825910552955,0.27573304250699948,0.22657374341511227,-0.026430662594170595,0.62472220975714166
1.0219387586145605,-0.43860622788785442,0.74277863026879221,0.31564118838580768,-1.0534131812875565
0.0020240460365998914,-0.13861419222889726,-0.10621420971028517,0.93748090569981457,-1.0802786263207587
-0.32183411958261843,-1.0285003815456939,0.67689635822275207,0.016991254952312462,0.15240206077219298
1.7526407383960017,-0.081702741422869707,0.28786899940154598,0.96841084468841032,-0.63427111173959005
0.52218566116387422,0.7551668316329696,1.5282025723572745,-0.75816630823881326,1.0949388269699512
0.0,0.0,0.0,0.0,0.0
-1.0124897378196822,-0.35232712837664426,-0.38723668332072214,0.35859350254680411,-0.098842010915143774
-0.08395602297090532,-0.082460530640910967,-0.28421563582621356,-0.36033845630368955,-0.019006344748518686
-0.6709152918290755,-0.53493831834468253,0.035135319285883648,-0.23542798631325113,0.24880713922112019
0.13564637914200794,-0.26106826661435312,0.090135902588961425,-0.49087577471388855,0.46103383366514095
0.47969966417016519,-0.1556916706226783,1.3285663772982437,0.20315710489844463,-0.055163171114665843
-0.039520059397162743,-0.93564732776178061,1.1796972582557128,-2.1459122180377901,-0.12565984104978778
-0.1348111765808282,0.00012021048146807064,0.18688744950743619,0.42514503462444608,-0.34114054847151642
-0.8440150508449733,0.71420647250237046,1.137326288756876,0.014032243831948676,0.99084682565929505
-0.96929693342926981,0.19878403692428659,0.72991608818741938,-1.0506403361738457,0.32543471878976948
0.13895796509325453,-0.0019457207392126058,0.65086354491113685,0.24857382139151696,-0.49469334153774103
0.13368319238492798,-0.48443506653681023,-0.77135792032044748,-1.2830403829042316,0.1405654083760588
0.30137793276256275,-0.04873129716799518,-0.22436836505452895,0.78238480334645999,0.5466815778545886
0.20058550459031244,0.0033409417688411991,0.030735804205217598,-0.15798612792966793,0.14247707289594125
-0.30236179540494845,-0.84538597489937217,-0.94572674579246074,-0.33145585509022801,-0.10631902182648822
2.0108593379205395,0.15114180651333875,0.78598409034730743,-0.55475461854113828,-0.2192947332412345
-0.32183411958261843,-1.0285003815456939,0.67689635822275207,0.016991254952312462,0.15240206077219298
0.19682993928932935,-0.30155478949400738,-1.0397195663138268,-0.042137604045356269,-0.8062602825294034
0.0,0.0,0.0,0.0,0.0
0.0,0.0,0.0,0.0,0.0
0.86344796403939528,1.373513272286004,-1.0628175100636441,-1.1744960204384554,0.84657168719697429
-0.33034982786153488,0.47837641710179746,0.37452273441523509,0.57278096116318444,0.89516468201131083
-0.068410298864722385,-0.092524005250631092,0.43016367241035347,0.92183970165167217,-0.64821821749073116
-0.52399122693213229,-0.84625210397331152,-0.0010472928061133757,-0.43202222546281277,0.48358121026347334
-0.073738092100124053,0.93672530913848107,0.76084420352168891,-1.3127270448607806,-0.075564038962087743
0.0,0.0,0.0,0.0,0.0
-0.52617833826736238,-0.2737786072102395,0.20801412360760341,-0.0284733867778455,0.67740693339933999
0.0,0.0,0.0,0.0,0.0
0.0,0.0,0.0,0.0,0.0
-0.15134201101196876,-1.503802582064357,0.32702053424586452,0.46821937364746846,0.47047006170054573
0.33243852022958986,-0.40120436265003434,-0.20645912294382729,0.086012627691405719,1.2432259657211095
0.20728873802598358,0.050892118687112742,1.0716496834560276,0.33204804534583232,1.905606560712847
-0.24863174013587575,0.7812040504111657,-1.4131730690091469,0.093355845650645364,0.74427191022056682
-0.93241542852048553,0.42307066875379462,0.90477624986245786,-0.032749308027347546,1.145749700708286
1.1090522639195513,-1.4075332001950756,1.4736444713468018,0.71190880001995538,0.10665543441084502
0.35572272190335008,-0.56043152916554462,0.73251224082071076,-0.9487912748173386,-0.1130273012465377
-0.14853854044147585,-0.39727264580151678,-1.6744356833885847,0.1218928832981665,0.60874509734764493
0.18863614780987215,-0.09926851033528461,-0.13746033809100444,0.1256566894432245,0.12307368935011009
-0.21841734881842623,-0.48913556324790441,0.78819476690783219,-1.0663671555504948,-0.29447523936151043
0.0,0.0,0.0,0.0,0.0
-0.17533930643158158,-1.2037427751817429,0.37544664860269705,-0.3536918444303212,0.093748856782979839
-1.1039033405332912,-0.30586606208744493,1.818164043545889,-0.049548643727986175,1.0685984996885267
1.3174030197741571,-0.12289979010026819,-0.34707515043875281,0.32204309138717591,-0.50259324426514507
-0.40609471245078677,-0.083690612140793541,0.20862230549639471,0.31235046270851186,0.20246784728270883
-0.37332151948277481,0.92502234483746371,0.60872009274947914,0.367063257145678,0.40616726701028938
0.0076169706137587667,0.10753200325327938,0.76202246520276073,-1.4882759073362664,0.91250794090804632
0.0,0.0,0.0,0.0,0.0
1.8104454691616738,0.87019011405414692,0.76284079348387612,-0.90421614570275266,0.5778623887566785
-0.10721545700137813,0.0024591125696682842,0.56644286217109752,-0.91815371379441402,-1.7490080613058101
0.0,0.0,0.0,0.0,0.0
-0.48338848363483322,0.46965943384581266,-1.3932206679102137,-0.87234285975590709,1.3149980800103265
-0.89455372243876852,-0.71325109112624574,0.046847092381178013,-0.31390398175100209,0.33174285229482958
0.55673436815074862,0.63641324250223752,-0.60182226018702867,-0.047376091097144579,-1.0322986125809099
0.80234201836124974,0.013363767075364796,0.12294321682087039,-0.63194451171867172,0.56990829158376499
-0.77532797273842391,-0.29912433163829277,0.61358022951950986,-1.7063206172692311,0.14691301245102384
0.83606214289824976,0.73276068645938253,0.062428443016813606,-0.30332471189671395,-0.37913101418176787
-0.72738709088370612,1.2252998070046779,1.0836704684797454,0.20751431961011235,-0.52336000378515735
-0.30785599217128912,-1.0169128224856117,0.71420268449598723,-0.12451682776942619,0.13395942048772413
-0.72876397332079446,-0.9180453331060916,1.0227870535427153,-1.8087489204633913,-0.10259575256519016
-0.28152720704881773,0.10699673874047955,0.61240753605083764,0.19122519885067879,-1.8526551593211105
-0.29220125212264669,-0.47938289864156403,0.37838539607751542,0.24292144663656678,-0.45396904857171805
-0.65895329580007278,0.30183803058992353,-0.039629707035209738,0.48251312092876297,-0.39181952963303868
-1.0151831793787807,0.39087717865931637,-1.1982664423172276,-0.24191615974120317,0.73382899192702
0.7004732759237946,1.8202786664768222,-1.1367742427529137,0.72283990861299774,0.58920614622901279
0.6296681658929737,1.1956057698752165,-1.0205211887765131,-1.195264969186379,-0.13838701028286948
0.2152875886172354,1.0652017270076222,-0.10048946239007384,-0.6356114368700343,1.2718935195115755
1.188150913540813,-0.75404700068036412,-1.0829765108632401,-0.29864700768950492,0.12615290054486117
0.38431325278114636,-0.65227829948129568,0.83525857695066286,-1.1610369363377799,1.5166840107011375
-1.1181921530484615,-0.8915638639078054,0.058558865476472821,-0.39237997718875306,0.41467856536853809
-0.17539277942245401,-0.091259535736747388,0.069338041202534284,-0.0094911289259484999,0.22580231113311444
-1.4036152720517698,1.2841695317520099,-0.22141840220231934,-0.53167757226808021,0.32640030377212348
-0.097511443514688878,0.18482703476337292,-0.41619841518930301,-1.6159960308231769,0.47740493323691702
-1.3375600761429411,0.22484467889048432,-1.3867850068969325,0.030620728838989697,-0.51898659721713436
0.32308988114748693,0.4962559161483231,0.013469933671902301,0.82837910229121547,1.1869848884025593
-0.12163334928326908,-0.59916666067774749,0.68017315675962919,-0.88908642840837615,-0.017615983903051635
-0.97421097584629202,0.5052813705658048,-1.4026361598856054,0.69900645727737221,1.4836728919383109
0.57547086106529477,-0.54683030821163747,-0.45817438412480094,-0.78841047384253393,-0.032159625347465859
0.052748518101933151,-0.22997940572007902,-0.12347290844070757,0.0073871130570233867,-0.14594476979213944
-0.096479305581675362,0.011720371764898596,-0.073507300732186337,0.059182866032048143,0.26753176563958614
0.47605646516343625,0.19547348850752222,1.5547566717902015,0.62153415521273025,0.99674452220371967
-1.2761424252384681,-0.58526545438641753,1.8711389784912436,-0.085247348641308562,0.69990255410434266
-0.11016824720654589,0.071699239033856887,0.10116574610125703,0.028819005113518648,0.28494395873384193
-0.096479305581675362,0.011720371764898596,-0.073507300732186337,0.059182866032048143,0.26753176563958614
0.0,0.0,0.0,0.0,0.0
-0.97985846879722782,-0.024267912496694244,-1.5724076894732466,-1.0323509430480335,-0.21418601373396839
0.043701179233419873,1.6086258112364606,-0.019649771628815316,0.041111748556867056,0.034671107029753401
-0.94232723052174783,0.12141741755332136,1.3605868808242483,-0.26852019429802576,-0.27819490341910025
-0.65801359350882382,0.74534899263960952,-0.11783803257163505,0.71947914462025153,-1.2976684205220579
-0.079991200526513095,-0.33419843659815496,-0.55720257827066466,0.28343817740390698,1.0796239863049655
0.0,0.0,0.0,0.0,0.0
-0.15849575733151866,1.3269077181161144,1.4684375337094409,-0.3916917619768121,-0.51130775143856155
-0.23768343066738096,0.22397575476905551,0.75206730943875133,0.33214499711737755,-0.45604613013593198
0.65822748792066443,-1.5538979083308941,-2.4468922129662216,0.22071151569867631,0.89725345627568354
0.70188325275589247,-0.090028608067479976,-2.4050474843974499,-0.23378553246880812,0.34773792902281886
0.5843264456573749,-0.28562985311891076,0.38504296456157217,-0.44633899218560202,1.2560373373637574
0.037256740170723113,-0.95052719175527756,0.72820518968708825,0.68992852080671296,0.80461857606710119
0.060819885732827927,-0.2541766808053163,0.16467998526608874,-0.68729265800605788,-0.11934496608415657
1.0638231357365795,-0.35462817818396331,0.53127748065049829,-0.53213113387045152,-2.0610109461299606
-0.42106651309298115,-0.21249774996050297,-0.34352672526502204,-0.86658298763742181,0.37005544086192366
0.0,0.0,0.0,0.0,0.0
-0.15420408966538557,-0.088319183661481837,-0.22715004588937826,-0.097740423893108996,0.15405601486245823
-0.13201448058440091,-0.37722080310920525,-2.3724752639895161,-0.44560871879460606,-0.29382271873793764
0.020272412562875458,0.17751093546156582,1.5632661572276421,0.40575281925464424,0.12609381479814519
-0.89455372243876852,-0.71325109112624574,0.046847092381178013,-0.31390398175100209,0.33174285229482958
0.0,0.0,0.0,0.0,0.0
0.0,0.0,0.0,0.0,0.0
0.15225302326130929,-0.34363915167216774,-0.77739029656222058,-0.033309320626579098,-0.071925812237057074
0.2514640783449309,-0.21823808218312735,0.27725979225899966,0.16808881498937556,-0.32571928289693908
0.020273295244275902,-0.084725560268437916,0.054893328422028986,-0.22909755266868559,-0.03978165536138567
0.60232662165701356,1.0313956797294992,0.25463737358002092,0.6463877070570021,0.73872982260907349
0.092917718309428743,0.037483474781415005,-0.050638497769956992,-0.53818134709909238,-0.16615153342283051
0.0,0.0,0.0,0.0,0.0
0.29675615099972152,-0.81310872773317477,-1.0168765565596001,0.43290507889577512,-1.1705577872390975
-0.57291268826769937,-1.0962623433806211,-0.33333694369594369,0.17087767095071626,0.24857058937090049
0.0,0.0,0.0,0.0,0.0
0.0,0.0,0.0,0.0,0.0
-0.20788535453235202,0.57764767904023451,-0.20368942377607091,-0.11955747583791454,0.08520312098312921
0.21270605429074152,-0.145802536010466,-0.013578888239764497,-0.10408342730202458,0.072315055865298516
-0.018120911464829748,0.14325136493810664,-0.19819543583615129,-0.56766665769335223,0.2929905037479088
0.0,0.0,0.0,0.0,0.0
-0.71150935533314019,-0.69901832363975291,1.4849902851362533,0.4924090567984738,0.099201212890348334
0.47165424764162633,-0.071891018153805497,0.13759970513685538,-0.71902126488456375,0.47583306701409711
-1.1553369977151746,-0.055094018562484637,-0.12392793791627277,-1.5361088632225233,0.32751251576079277
0.11840511683530153,-0.19485273542157788,1.3276030156828593,0.022728419604774786,0.36857608657912166
-0.1939646480546191,0.15941702625126197,-0.22129812550469818,-0.38919177516709169,0.27457700905158511
0.71933857633161935,-0.68353788526455084,-0.57271798015599629,-0.98551309230316875,-0.040199531684332657
-1.6459893283008933,-0.44153420274863819,1.3709424531337151,0.2788670791333554,0.23635225275789562
0.13762271186584796,0.66966964362907255,2.3912473794432794,-0.72377559861432328,0.6102823495605123
0.21106134091157358,0.30910041515337028,-0.43575982447636274,-0.19971966987782075,0.24843853862620557
0.0,0.0,0.0,0.0,0.0
-1.0254128021425544,-0.70850592157013637,-0.85216322435934289,-0.47309564302361196,0.01006761176789972
0.83229025269061374,0.098550436323570523,0.17792907142744641,-0.61424082793510237,-0.47428887225775629
-0.33702794145207093,0.00030052620367017856,0.46721862376858603,1.0628625865611134,-0.85285137117879373
-0.16764688500839409,1.4827108097220152,-1.1273342455554967,-0.46333672080658417,0.27121806007258709
-0.76477724387475199,-0.055238996065502644,0.11417352728900476,0.86308756867654424,-1.0225375370006731
0.43347045110098037,0.5002928762709864,1.6410996080647848,0.89636642241350017,0.39108979925195797
1.8356137020655208,0.20085381900817456,-0.1864183510547095,-0.37586848356827751,0.22341818587856466
0.0,0.0,0.0,0.0,0.0
0.0,0.0,0.0,0.0,0.0
-0.64929203210017405,0.26860064354707136,-0.31818464819782211,-0.73598086859213119,0.70658951149817417
-0.55340021345714341,-1.0552970803185886,-1.1593365798129138,-0.039030924659860133,0.91212662967444125
-0.82814778479200313,-0.21404546959749382,0.704760902975615,-0.021409535285436876,0.38047778881937422
0.50901750059357553,-0.018156586396097296,1.2099518376002187,0.66912463604194272,-0.18921057012286191
0.83608368152924495,-0.72992572925990817,-0.17675162158850721,0.59970112346673332,0.22277410372891282
-1.7867662358954528,0.046860023685358243,-0.085192941058442884,0.8329913642651956,-0.43226299521197831
0.22378782209042036,0.10789395379128686,-1.0303943868987131,0.75705057767144623,0.99924634942740909
1.0361585659881865,0.38440954667026617,-0.39295363493437563,0.16174037550608666,-0.55128971401586657
0.15153071477011792,-0.22184006084495778,-1.1607863844998896,-0.044459610550985573,0.076783416882118871
0.25411593455079728,0.33884844926851976,-0.45776030694608139,0.23537340862504408,0.49105282944765705
0.90473818932591143,0.28110094577170841,0.027718661607856687,-0.780750712100172,0.26137672128194867
-0.13928396081271838,-0.23765427009264695,-0.90800841871973514,0.12414964029957609,0.72812343727968099
-0.043683469763685201,-0.097827112649580883,0.15763895338156697,-0.21327343111009966,-0.058895047872302264
0.24442834006048564,0.32496983950246605,1.0676720580028087,-0.42422193972257105,0.75917999644225453
0.74634049052764961,0.8051685223800078,1.0524076076396547,-0.72998271278654991,0.014472693793583069
-0.62045602616528051,-1.7069877227932428,-0.24409768852771663,0.22174520805498688,-1.9846102093376103
0.58356081395879245,-1.3066862822173277,-0.3806257495680283,0.033043826931759668,-0.90844200142227916
1.1815907095638316,-0.26059741492750721,0.17562789160369308,-1.0286186363591625,2.4467174080911476
0.81368135033746247,-0.79325924626481048,-0.045920956753088049,1.2128299643064691,0.73944109354277576
0.0,0.0,0.0,0.0,0.0
0.0,0.0,0.0,0.0,0.0
1.2173615624408178,0.53175570251676962,-0.19363600257350555,-0.37781539704461053,-0.87252922979712766
-0.39755806545448635,-0.047263560972348628,-0.27738618807960136,-0.59714842324812256,-0.038593020928527233
0.24060093955947615,-0.10162235030076205,-0.084646249541032725,-0.14072882373669593,-0.027374435910169859
0.36154792613961551,-0.75144303264303858,0.53131626724330339,0.27060177652758455,0.72359348094076381
-0.81488616521344959,-0.55750970426810476,0.59445797590256433,-1.0283036917059114,1.1136653927918854
0.8181841389555915,-0.58277485249880812,-0.77894054114599243,-1.1131481547288828,-0.068151346614776176
0.0,0.0,0.0,0.0,0.0
0.0,0.0,0.0,0.0,0.0
-0.12369242033469585,-0.051918694384309738,0.38552388557792527,0.19635461279645483,0.41913581970095803
0.73071708889706244,0.70009485477890721,-1.0733533651997433,-0.7630010571290633,0.75907396597735444
-0.72962397509376498,-0.62620415179595046,0.93700833174011589,-0.58841898636475287,0.89440740566753263
1.137785727945662,0.31003977166543173,-0.89365987598103658,-0.57563593205329866,-0.33953427565234673
-0.41577070906470404,1.155295358080469,-0.40737884755214182,-0.23911495167582908,0.17040624196625842
-1.1139613341237977,-0.50523228391509534,1.3082490900266879,0.90845437413079466,-0.66798529102054061
0.56376030669821819,0.20410162693579448,1.832645325912609,-1.8095479905701906,0.58751623829402178
0.084742801018899749,-0.46700384913032278,-0.032239546348130643,0.85670892102950902,0.12363209044204559
-0.1348111765808282,0.00012021048146807064,0.18688744950743619,0.42514503462444608,-0.34114054847151642
-1.2544103355616727,0.34634728603799658,-0.66048296798196837,0.6346095739799722,0.090852157189686089
-0.21917413303947519,-1.5046784689771782,0.46930831075337309,-0.44211480553790339,0.11718607097872447
0.14098631682256446,0.22505929180993078,-0.02534083733519843,-0.91470799734681352,-0.88016199574968024
0.0,0.0,0.0,0.0,0.0
-0.19983077286319872,-0.76221185969041905,0.50597773768059895,-0.89327652727648044,-0.20595910092876935
0.2024615425476417,-0.11232231198592535,0.58900299142265222,-0.30830479918858522,0.15217572818992098
0.27520828335029091,-0.81647444841306083,0.18143174502286286,1.5757249670658813,-0.1885397326165581
-0.11131264179334188,1.0017533859171355,0.14408748495784263,-0.80254660653683718,-0.53276921782864761
-0.53264619151401771,0.13298584605760855,-0.39080280774765752,0.77190765799113592,-0.92408774501007507
0.18863614780987215,-0.09926851033528461,-0.13746033809100444,0.1256566894432245,0.12307368935011009
0.13937657746414089,0.056225212172122174,-0.075957746654935487,-0.80727202064863945,-0.24922730013424577
0.86172916261322996,0.42162261143960311,0.435411877556243,0.68653736434589518,0.21342546236062709
0.046400753983868448,0.38474692310284464,-1.9329675511066271,0.17171394862640899,-0.46634843811068638
0.0,0.0,0.0,0.0,0.0
-0.4100115680907841,-0.25883336021271819,-0.25926769718585163,-0.90549336124446267,0.34831987510077411
0.16431956895886812,-0.33673563135609919,-0.082686476763728312,-0.10730238587382868,0.16459498972840869
-0.31819146054884584,-0.44639698690706009,0.054048626698562918,-1.9143541331267651,-0.16677807209816642
0.83923850157241375,1.6976392801616207,0.13661605975946589,-0.15628107554430226,1.3011051395621145
-0.19430341447535859,-0.87975680167932602,0.39410844929214051,-1.3994463056213569,0.38361164684998172
-0.35030137855235211,-1.2430417188557659,0.089741783218459936,-0.14782420647518979,0.18805752633131068
0.081093180977103607,-0.33890224107375166,0.21957331368811595,-0.91639021067474236,-0.15912662144554268
0.62866019586232724,-0.54559520545781837,0.69314948064750759,0.42022203747343667,-0.81429820724234503
-0.48996770506815002,-1.4326405507901423,0.97903056781465803,-1.5941095374625516,-1.5362572518765512
